№ п/п,Положение нормативно-правового акта (НПА),Оригинальная формулировка НПА,Конечная нотация для использования,Приведенная нотация,альтернативный варинат | комментарии,
1,"п. 1 ст. 435, п.2 ст. 437  ГК РФ; п. 12 Правил N 2463","1. Офертой признается адресованное одному или нескольким конкретным лицам предложение, которое достаточно определенно и выражает намерение лица, сделавшего предложение, считать себя заключившим договор с адресатом, которым будет принято предложение.
2. Содержащее все существенные условия договора предложение, из которого усматривается воля лица, делающего предложение, заключить договор на указанных в предложении условиях с любым, кто отзовется, признается офертой (публичная оферта).
12. При дистанционном способе продажи товара продавец обязан заключить договор розничной купли-продажи с любым лицом, выразившим намерение приобрести товар на условиях оферты.","Оферта должна содержать характеристику субъектов договорных отношений, присоединяющихся к договору-оферте.","Оферта должна быть заключена с любым дееспособным лицом, выразившим желание приобрести товар на условиях оферты",,
2,"п. 2 ст. 26.1 Закона о защите прав потребителей
п.19 Правил 2463","До заключения договора продавец должен предоставить покупателю информацию о полном фирменном наименовании (наименовании) продавца (изготовителя)

Зарегистрированные на территории РФ юридические лица обязаны указывать полное фирменное наименование (наименование), основной государственный регистрационный номер, адрес и место нахождения, адрес электронной почты и (или) номер телефона, а ИП - фамилию, имя, отчество (при наличии), основной государственный регистрационный номер, адрес электронной почты и (или) номер телефона","Оферта должна содержать полную характеристику Продавца: наименование, основной государственный регистрационный номер, адрес и место нахождения, адрес электронной почты и (или) номер телефона или фамилию, имя, отчество (при наличии), основной государственный регистрационный номер, адрес электронной почты и (или) номер телефона","Если Продавец юр лицо – наименование, основной государственный регистрационный номер, адрес и место нахождения, адрес электронной почты и (или) номер телефона

Если Продавец ИП - фамилию, имя, отчество (при наличии), основной государственный регистрационный номер, адрес электронной почты и (или) номер телефона",,
3,п. 2 ст. 26.1 Закона о защите прав потребителей,"До заключения договора продавец должен предоставить покупателю информацию о цене, порядке оплаты товара, условиях его приобретения, доставке, сроках службы, годности и гарантийном сроке, а также о сроке действия предложения о заключении договора
","Оферта должна информировать Покупателя об определении цены, разъяснять Покупателю порядок оплаты товара, приобретения товара, способах доставки, определении срока службы/годности/гарантии. ","Оферта должна содержать положения об определении цены, порядок оплаты товара, приобретения товара, способах доставки, определении срока службы/годности/гарантии. Сроки действия оферты",,
4,п. 21 Правил N 2463,"продавец должен довести до покупателя информацию о форме и способах направления претензий. Если такая информация не представлена на соответствующем сайте (странице сайта) или в программе для электронных вычислительных машин, покупатель вправе направить претензию в любой форме и любым способом",Оферта должна содеражть право Покупателя направлять претензии и иразъяснять информацию о форме и способах направления претензий.,Оферта должна содеражть информацию о форме и способах направления претензий,,
5,п. 14 Правил N 2463,"Продавец предоставляет потребителю подтверждение заключения договора розничной купли-продажи на условиях оферты, которая содержит существенные условия этого договора, после получения продавцом сообщения потребителя о намерении заключить договор розничной купли-продажи. Указанное подтверждение должно содержать номер заказа или иной способ идентификации заказа, который позволяет потребителю получить информацию о заключенном договоре розничной купли-продажи и его условиях.","Оферта должна содержать информацию об уведомлении Покупателя о подтверждении заключения договора розничной купли-продажи на условиях оферты, данное подтверждение должно содержать номер заказа или иной способ идентификации заказа, а также условия договора розничной купли-продажи.",Подтверждение заключения договора должно содержать номер заказа или иной способ идентификации заказа,,
6,п.4 ст. 26.1 Закона о защите прав потребителей,"4. Потребитель вправе отказаться от товара в любое время до его передачи, а после передачи товара - в течение семи дней.  В случае, если информация о порядке и сроках возврата товара надлежащего качества не была предоставлена в письменной форме в момент доставки товара, потребитель вправе отказаться от товара в течение трех месяцев с момента передачи товара. 
Возврат товара надлежащего качества возможен в случае, если сохранены его товарный вид, потребительские свойства, а также документ, подтверждающий факт и условия покупки указанного товара. Отсутствие у потребителя документа, подтверждающего факт и условия покупки товара, не лишает его возможности ссылаться на другие доказательства приобретения товара у данного продавца. Потребитель не вправе отказаться от товара надлежащего качества, имеющего индивидуально-определенные свойства, если указанный товар может быть использован исключительно приобретающим его потребителем. При отказе потребителя от товара продавец должен возвратить ему денежную сумму, уплаченную потребителем по договору, за исключением расходов продавца на доставку от потребителя возвращенного товара, не позднее чем через десять дней со дня предъявления потребителем соответствующего требования.","Оферта должна информировать Покупателя о его праве на отказ от товара надлежащего качества до его передачи в любое время, а после его передачи в течение 7 дней, а так же о порядке замены такого товара и предупреждение о том, что отказ от товара созданного по индивидуальным характеристикам Покупателя - невозможен.
","Оферта должна содержать право Покупателя на отказ от товара – в любое время до получения , после получения не менее 7 дней, либо 3 месяца, если информация не предоставлена в момент доставки
При описании условий возврата оферта должны соблюдаться следующие условия: Товар должен сохранять потребительски свойства, товарный вид. Документ, подтверждающий факт и условия покупки указанного товара. При отсутствии документа – иные доказательства приобретения.
Покупатель не вправе отказаться от товара, если он может быть использован исключительно приобретающим его потребителем.
Срок возврата – не более 10 дней. Сумма может быть за вычетом расходов на доставку.","Надо сохранять условия применения, параметры и ограничения","Потребитель имеет право отказаться от товара до его передачи или в течение семи дней после передачи. В случае отсутствия информации о порядке и сроках возврата в момент доставки товара, потребитель вправе отказаться от товара в течение трех месяцев. Для возврата товара необходимо сохранить его товарный вид и потребительские свойства, а также иметь документ о покупке. Потребитель не может отказаться от товара с индивидуально-определенными свойствами. Продавец обязан вернуть денежную сумму за вычетом расходов на доставку в течение 10 дней после предъявления требования потребителем."
7,"ст. 15 ГК РФ; п. п. 1, 2 ст. 13 Закона о защите прав потребителей","За нарушение срока передачи товара покупатель может предъявить продавцу требование о возмещении убытков, причиненных вследствие нарушения срока доставки товара.",Оферта должна содержать право Покупателя на предъявление требований о возмещении убытков за нарушение сроков доставки.,"Оферта может содержать право покупателя на предъявление требований о возмещении убытков за нарушение сроков доставки и  не может содержать условий, запрещающих такие убытки истребовать",,
8,п. 3 ст. 23.1 Закона о защите прав потребителей,"Если товар был предварительно оплачен покупателем полностью или частично, то в случае нарушения срока доставки с продавца может быть взыскана неустойка (пени) в размере 0,5% суммы предварительной оплаты за каждый день просрочки, но не более суммы предварительной оплаты. ","Оферта может содержать положения об ответсвенности продавца за нарушения сроков доставки в виде неустойки 0.5% за каждый день просрока доставки, но данное требование не является обязательным.","При наличии условий об ответственности Продавца за нарушение сроков доставки оферта должна содержать условия о размере  неустойки за нарушение сроков доставки  не менее 0,5% суммы предварительной оплаты за каждый день просрочки, но не более суммы предварительной оплаты",Почему тут ушло упоминание неустойки,
9,п.23 Правил N 2463,"Расходы на осуществление возврата суммы, уплаченной потребителем в соответствии с договором розничной купли-продажи за товар ненадлежащего качества, несет продавец. В других случаях распределение указанных расходов определяется офертой.",Оферта должна содержать положение о распредлении расходов между продавцом и покупателем в случае признания товара товаром ненадлежащего качества.,"Расходы за товар ненадлежащего качества – за Продавцом.
В других случаях – определено офертой.","нет конкретики. Если указываешь лицо, то указывай кто конктретно - ACTOR",
10,Ст. 18 Закона о защите прав потребителей,"1. Потребитель в случае обнаружения в товаре недостатков, если они не были оговорены продавцом, по своему выбору вправе: потребовать замены на товар этой же марки (этих же модели и (или) артикула)потребовать замены на такой же товар другой марки (модели, артикула) с соответствующим перерасчетом покупной цены; потребовать соразмерного уменьшения покупной цены; потребовать незамедлительного безвозмездного устранения недостатков товара или возмещения расходов на их исправление потребителем или третьим лицом; отказаться от исполнения договора купли-продажи и потребовать возврата уплаченной за товар суммы. По требованию продавца и за его счет потребитель должен возвратить товар с недостатками. При этом потребитель вправе потребовать также полного возмещения убытков, причиненных ему вследствие продажи товара ненадлежащего качества. Убытки возмещаются в сроки, установленные настоящим Законом для удовлетворения соответствующих требований потребителя. 
В отношении технически сложного товара потребитель в случае обнаружения в нем недостатков вправе отказаться от исполнения договора купли-продажи и потребовать возврата уплаченной за такой товар суммы либо предъявить требование о его замене  ... в течение пятнадцати дней со дня передачи потребителю такого товара. По истечении этого срока указанные требования подлежат удовлетворению в одном из следующих случаев: обнаружение существенного недостатка товара; нарушение установленных настоящим Законом сроков устранения недостатков товара; невозможность использования товара в течение каждого года гарантийного срока в совокупности более чем тридцать дней вследствие неоднократного устранения его различных недостатков. 
Перечень технически сложных товаров утверждается Правительством Российской Федерации.
3. Потребитель вправе предъявить требования ... изготовителю, уполномоченной организации или уполномоченному индивидуальному предпринимателю, импортеру. Вместо предъявления этих требований потребитель вправе возвратить изготовителю или импортеру товар ненадлежащего качества и потребовать возврата уплаченной за него суммы. Отсутствие у потребителя кассового или товарного чека либо иного документа, удостоверяющих факт и условия покупки товара, не является основанием для отказа в удовлетворении его требований. 
Продавец (изготовитель), уполномоченная организация или уполномоченный индивидуальный предприниматель, импортер обязаны принять товар ненадлежащего качества у потребителя и в случае необходимости провести проверку качества товара. Потребитель вправе участвовать в проверке качества товара. В случае спора о причинах возникновения недостатков товара продавец (изготовитель), уполномоченная организация или уполномоченный индивидуальный предприниматель, импортер обязаны провести экспертизу товара за свой счет. Экспертиза товара проводится ... как можно скорее в течение 20 дней, в сложных случаях..45 дней.. Потребитель вправе присутствовать при проведении экспертизы товара и в случае несогласия с ее результатами оспорить заключение такой экспертизы в судебном порядке. Если в результате экспертизы товара установлено, что его недостатки возникли вследствие обстоятельств, за которые не отвечает продавец (изготовитель), потребитель обязан возместить продавцу (изготовителю), уполномоченной организации или уполномоченному индивидуальному предпринимателю, импортеру расходы на проведение экспертизы, а также связанные с ее проведением расходы на хранение и транспортировку товара.
6. Продавец (изготовитель), уполномоченная организация или уполномоченный индивидуальный предприниматель, импортер отвечает за недостатки товара, на который не установлен гарантийный срок, если потребитель докажет, что они возникли до передачи товара потребителю или по причинам, возникшим до этого момента.В отношении товара, на который установлен гарантийный срок, продавец (изготовитель), уполномоченная организация или уполномоченный индивидуальный предприниматель, импортер отвечает за недостатки товара, если не докажет, что они возникли после передачи товара потребителю вследствие нарушения потребителем правил использования, хранения или транспортировки товара, действий третьих лиц или непреодолимой силы.
7. Доставка крупногабаритного товара и товара весом более пяти килограммов для ремонта, уценки, замены и (или) возврат их потребителю осуществляются силами и за счет продавца (изготовителя, уполномоченной организации или уполномоченного индивидуального предпринимателя, импортера). В случае неисполнения данной обязанности, а также при отсутствии продавца (изготовителя, уполномоченной организации или уполномоченного индивидуального предпринимателя, импортера) в месте нахождения потребителя доставка и (или) возврат указанных товаров могут осуществляться потребителем. При этом продавец (изготовитель, уполномоченная организация или уполномоченный индивидуальный предприниматель, импортер) обязан возместить потребителю расходы, связанные с доставкой и (или) возвратом указанных товаров.","Оферта должна содержать следущие права покупателя:
- потребовать безвозмездного устранения недостатков товара или возмещения расходов на их исправление
- потребовать соразмерного уменьшения покупной цены;
- потребовать замены на товар аналогичной марки (модели, артикула) или на такой же товар другой марки (модели, артикула) с соответствующим перерасчетом цены товара;
- отказаться от исполнения договора и потребовать возврата уплаченной за товар суммы. 

Продавец имеет право требовать возврата товара за свой счет. 

При возникновении  существенных недостатков в технически сложном товаре, Оферта должна содержать следующие минимальные сроки предъявления требований:
15 дней. Существенный недостаток - это изъян мешающий использовать товар более 30 дней в году. 

Продавец обязан произвести проверку экспертизу за свой счет в максимально сзажатые сроки, либо за 20 дней, в исключительных случаях не более 45 дней. 

Оферта должна содержать сроки предъявления требований по качеству товара:  в течение гарантийного срока, в соответсвии с законодательством в зависимости от вида товара. 
Крупногабаритный товар и/или весом более 5 кг доставляется силами и за счет продавца. 
","Оферта должна содержать следущие права покупателя:
- потребовать безвозмездного устранения недостатков товара или возмещения расходов на их исправление
- потребовать соразмерного уменьшения покупной цены;
- потребовать замены на товар аналогичной марки (модели, артикула) или на такой же товар другой марки (модели, артикула) с соответствующим перерасчетом цены товара;
- отказаться от исполнения договора и потребовать возврата уплаченной за товар суммы. 

Продавец имеет право требовать возврата товара за свой счет. 

При возникновении  существенных недостатков в технически сложном товаре, Оферта должна содержать следующие минимальные сроки предъявления требований:
15 дней. Существенный недостаток - это изъян мешающий использовать товар более 30 дней в году. 

Продавец обязан произвести проверку экспертизу за свой счет в максимально сзажатые сроки, либо за 20 дней, в исключительных случаях не более 45 дней. 

Оферта должна содержать сроки предъявления требований по качеству товара:  в течение гарантийного срока, в соответсвии с законодательством в зависимости от вида товара. 
Крупногабаритный товар и/или весом более 5 кг доставляется силами и за счет продавца. 


Продавец обязан произвести проверку экспертизу за свой счет в максимально сзажатые сроки, либо за 20 дней, в исключительных случаях не более 45 дней. 

Оферта должна содержать сроки предъявления требований по качеству товара:  в течение гарантийного срока, в соответсвии с законодательством в зависимости от вида товара. 
Крупногабаритный товар и/или весом более 5 кг доставляется силами и за счет продавца. 
","Достаточно кратко и общё, нет условий, ограничений, параметров примерения","Оферта должна предупреждать Покупателя о его правах и обязанностях, правах и обязанностях Продавца, возникающих из присоединения к договору оферты. А так же в оферте доложны определяться и доводиться до сведения сторон сроки предъявления взаимных требований Сторон договора."
11,Ст. 19 Закона о защите прав потребителей,"1. Потребитель вправе предъявить предусмотренные статьей 18 настоящего Закона требования к продавцу (изготовителю, уполномоченной организации или уполномоченному индивидуальному предпринимателю, импортеру) в отношении недостатков товара, если они обнаружены в течение гарантийного срока или срока годности. В отношении товаров, на которые гарантийные сроки или сроки годности не установлены, потребитель вправе предъявить указанные требования, если недостатки товаров обнаружены в разумный срок, но в пределах двух лет со дня передачи их потребителю, если более длительные сроки не установлены законом или договором.

2. Гарантийный срок товара, а также срок его службы исчисляется со дня передачи товара потребителю, если иное не предусмотрено договором. Если день передачи установить невозможно, эти сроки исчисляются со дня изготовления товара.Для сезонных товаров (обуви, одежды и прочих) эти сроки исчисляются с момента наступления соответствующего сезона, срок наступления которого определяется соответственно субъектами Российской Федерации исходя из климатических условий места нахождения потребителей.
.3. Гарантийные сроки могут устанавливаться на комплектующие изделия и составные части основного товара. Гарантийные сроки на комплектующие изделия и составные части исчисляются в том же порядке, что и гарантийный срок на основной товар.Гарантийные сроки на комплектующие изделия и составные части товара считаются равными гарантийному сроку на основное изделие, если иное не установлено договором. В случае, если на комплектующее изделие и составную часть товара в договоре установлен гарантийный срок меньшей продолжительности, чем гарантийный срок на основное изделие, потребитель вправе предъявить требования, связанные с недостатками комплектующего изделия и составной части товара, при их обнаружении в течение гарантийного срока на основное изделие, если иное не предусмотрено договором.Если на комплектующее изделие установлен гарантийный срок большей продолжительности, чем гарантийный срок на основной товар, потребитель вправе предъявить требования в отношении недостатков товара при условии, что недостатки комплектующего изделия обнаружены в течение гарантийного срока на это изделие, независимо от истечения гарантийного срока на основной товар.



","Потребитель может предъявить требования к продавцу, если обнаружит недостатки товара в течение гарантийного срока или срока годности.

Гарантийный срок и срок годности начинаются:

со дня передачи товара потребителю;
со дня изготовления товара, если день передачи установить невозможно;
с момента наступления соответствующего сезона для сезонных товаров.
Гарантийный срок товара может быть установлен на комплектующие изделия и составные части основного товара.

Гарантийный срок на комплектующие изделия считается равным гарантийному сроку на основное изделие, если иное не установлено договором.","1.Сроки предъявления требований, связанных с недостатками товаров: в течение гарантийного срока или срока годности. Гарантийные сроки или сроки годности не установлены: в разумный срок, но в пределах двух лет со дня передачи товара потребителю, если более длительные сроки не установлены законом или договором.
2. Сроки исчисляются со дня доставки товара потребителю. Если потребитель лишен возможности использовать товар вследствие обстоятельств, зависящих от продавца, гарантийный срок не течет до устранения продавцом таких обстоятельств. Если день доставки, установки, подключения, сборки товара, устранения зависящих от продавца обстоятельств, вследствие которых потребитель не может использовать товар по назначению, определить невозможно, -со дня заключения договора купли-продажи.

3. Гарантийные сроки на комплектующие изделия и составные части исчисляются в том же порядке, что и гарантийный срок на основной товар. Гарантийные сроки на комплектующие изделия и составные части товара считаются равными гарантийному сроку на основное изделие, если иное не установлено договором. В случае, если на комплектующее изделие и составную часть товара в договоре установлен гарантийный срок меньшей продолжительности, чем гарантийный срок на основное изделие, потребитель вправе предъявить требования, связанные с недостатками комплектующего изделия и составной части товара, при их обнаружении в течение гарантийного срока на основное изделие, если иное не предусмотрено договором.

4. Если на комплектующее изделие установлен гарантийный срок большей продолжительности, чем гарантийный срок на основной товар, потребитель вправе предъявить требования в отношении недостатков товара при условии, что недостатки комплектующего изделия обнаружены в течение гарантийного срока на это изделие, независимо от истечения гарантийного срока на основной товар.

","Оферта должна информировать Покупателя о его праве предъявлять требования по поводу товара Продавцу в рамках гарантийных сроков для приобретенного товара, об условиях переноса и продления данных сроков, условиях установления сроков, если по какой то причине они не могут быть установлены офертой, а так же содержать гарантийные сроки на отдельные части составного товара и комплектующие.",
12,Ч.1 Ст.21 Закона о защите прав потребителей,"В случае обнаружения потребителем недостатков товара и предъявления требования о его замене продавец (изготовитель, уполномоченная организация или уполномоченный индивидуальный предприниматель, импортер) обязан заменить такой товар в течение семи дней со дня предъявления указанного требования потребителем, а при необходимости дополнительной проверки качества такого товара продавцом (изготовителем, уполномоченной организацией или уполномоченным индивидуальным предпринимателем, импортером) - в течение двадцати дней со дня предъявления указанного требования.
Если у продавца (изготовителя, уполномоченной организации или уполномоченного индивидуального предпринимателя, импортера) в момент предъявления требования отсутствует необходимый для замены товар, замена должна быть проведена в течение месяца со дня предъявления такого требования.","Оферта должна содержать право Покупателя на замену товара при обнаружении недостатков, сроки и механизм такой замены, порядок инициации и проведения экспертизы возникшего недостатка, указывать на условия определяющие сторону понесущую расходы по обеспечению экспертизы и иные расходы по замене товара. По закону и независимо от укзанного в оферте условия срок замены товара ненадлежащего качества - 7 дней со дня предъявления требования, при проведении проверки – 20 дней.
При отсутствии товара - месяц. ","По закону и независимо от укзанного в оферте условия срок замены товара ненадлежащего качества - 7 дней со дня предъявления требования, при проведении проверки – 20 дней.
При отсутствии товара - месяц. ",,
13,Ст. 20 Закона о защите прав потребителей,"Если срок устранения недостатков товара не определен в письменной форме соглашением сторон, эти недостатки должны быть устранены изготовителем (продавцом, уполномоченной организацией или уполномоченным индивидуальным предпринимателем, импортером) незамедлительно, то есть в минимальный срок, объективно необходимый для их устранения с учетом обычно применяемого способа. Срок устранения недостатков товара, определяемый в письменной форме соглашением сторон, не может превышать сорок пять дней.
В случае, если во время устранения недостатков товара станет очевидным, что они не будут устранены в определенный соглашением сторон срок, стороны могут заключить соглашение о новом сроке устранения недостатков, товара. При этом отсутствие необходимых для устранения недостатков товара запасных частей (деталей, материалов), оборудования или подобные причины не являются основанием для заключения соглашения о таком новом сроке и не освобождают от ответственности за нарушение срока, определенного соглашением сторон первоначально.","Оферта должна содержать сроки устранения Продавцом недостатков товара не превышающие 45 дней. А так же предупреждать, что в случаях, когда устранить недостатки или заменить товар или комплектующие невозможно Продавец не освобождается от отвественности и обязанностей перед Покупателем.","Оферта должна содержать срок устранения недостатков - не более 45 дней.
 В случае невозможности устранить недостатки или заменить товар или комплектующие Продавец не освобождается от отвественности и обязанностей перед Покупателем.",,
14,Ч.2 ст. 21 Закона о защите прав потребителей,"Товар ненадлежащего качества должен быть заменен на новый товар, то есть на товар, не бывший в употреблении.
При замене товара гарантийный срок исчисляется заново со дня передачи товара потребителю","Оферта должна информировать Покупателя о том, что товар новый и не бывший в употреблении,а так же разъяснять, что гарантийные сроки после замены товара или устраенения недостатка исчисляются заново с момента передачи товара.","Оферта должна содержать информацию, что товар новый.
Оферта  должна содержать положением о том, что Гарантийные сроки  после замены товара или устраенения недостатка исчисляются заново с момента передачи товара",,
15,Ст.22 Закона о защите прав потребителей,"Требования потребителя о соразмерном уменьшении покупной цены товара, возмещении расходов на исправление недостатков товара потребителем или третьим лицом, возврате уплаченной за товар денежной суммы, а также требование о возмещении убытков, причиненных потребителю вследствие продажи товара ненадлежащего качества либо предоставления ненадлежащей информации о товаре, подлежат удовлетворению продавцом (изготовителем, уполномоченной организацией или уполномоченным индивидуальным предпринимателем, импортером) в течение десяти дней со дня предъявления соответствующего требования.","Оферта может сожержать сроки удовлетворения требований Покупателя об уменьшении покупной цены товара, возмещении расходов на исправление недостатков товара, возврате уплаченной за товар денежной суммы, а также требование о возмещении убытков, которые должны быть удовлетворены в тетчении 10 дней с момента предъявления такого требования.","Оферта может сожержать сроки удовлетворения требований потребителя об уменьшении покупной цены товара, возмещении расходов на исправление недостатков товара, возврате уплаченной за товар денежной суммы, а также требование о возмещении убытков - 10 дней с момента предъявления такого требования.",,
16,П.1 ст. 23 Закона о защите прав потребителей,"1. За нарушение предусмотренных статьями 20, 21 и 22 настоящего Закона сроков, а также за невыполнение (задержку выполнения) требования потребителя о предоставлении ему на период ремонта (замены) аналогичного товара продавец (изготовитель, уполномоченная организация или уполномоченный индивидуальный предприниматель, импортер), допустивший такие нарушения, уплачивает потребителю за каждый день просрочки неустойку (пеню) в размере одного процента цены товара.","Оферта может содержать упоминания об ответсвенности Продавца в виде неустойке и пени в размере 1% за каждый день при нарушении сроков устранения недостатков товара, сроков замены товара, сроков предоставления аналогичного товара во временное пользование на время ремонта или замены товара, уменьшения покупной цены, а так же за отказ в удовлетворении или задержку выполнения требований Покупателя.","Оферта может содержать упоминания об неустойке при нарушении сроков устранения недостатков товара, сроков замены товара, уменьшения покупной цены,  за невыполнение (задержку выполнения) требования потребителя о предоставлении ему на период ремонта (замены) аналогичного товара пени/неустойка  в размере 1% от цены товара за день.",,
17,Ст. 24 Закона о защите прав потребителей,"1. При замене товара ненадлежащего качества на товар этой же марки (этих же модели и (или) артикула) перерасчет цены товара не производится.2. При замене товара ненадлежащего качества на такой же товар другой марки (модели, артикула) в случае, если цена товара, подлежащего замене, ниже цены товара, предоставленного взамен, потребитель должен доплатить разницу в ценах; в случае, если цена товара, подлежащего замене, выше цены товара, предоставленного взамен, разница в ценах выплачивается потребителю. Цена товара, подлежащего замене, определяется на момент его замены, а если требование потребителя не удовлетворено продавцом, цена заменяемого товара и цена передаваемого взамен товара определяются на момент вынесения судом решения о замене товара.
3. В случае предъявления потребителем требования о соразмерном уменьшении покупной цены товара в расчет принимается цена товара на момент предъявления потребителем требования об уценке или, если оно добровольно не удовлетворено, на момент вынесения судом решения о соразмерном уменьшении покупной цены.4. При возврате товара ненадлежащего качества потребитель вправе требовать возмещения разницы между ценой товара, установленной договором, и ценой соответствующего товара на момент добровольного удовлетворения такого требования или, если требование добровольно не удовлетворено, на момент вынесения судом решения.
5. В случае возврата товара ненадлежащего качества, проданного в кредит, потребителю возвращается уплаченная за товар денежная сумма в размере погашенного ко дню возврата указанного товара кредита, а также возмещается плата за предоставление кредита.6. В случае возврата товара ненадлежащего качества, приобретенного потребителем за счет потребительского кредита (займа), продавец обязан возвратить потребителю уплаченную за товар денежную сумму, а также возместить уплаченные потребителем проценты и иные платежи по договору потребительского кредита (займа).


","Оферта должна содержать право Покупателя требовать обмена товара ненадлежащего качества, производства перерасчета при разнице стоимости этих товаров, а так же  информировать о порядоке оплаты, замены товаров приобретенных в кредит, об условиях расчетов в случае признания товара некачественным. 




","Оферта должна содержать положение об обмене товара ненадлежащего качества и порядок расчетов при разнице стоимости:
При обмене товара ненадлежащего качества на подобный - перерасчет не производится. При замене на товар другой марки или другой модели или который дороже/дешевле – разница в стоимости устраняется путем доплаты или возврата средств. Цена рассчитывается на момент замены.
Оферта содержит право Покупателя требовать разницу между ценой покупки и ценой на момент удовлетворения требования.


Если оферта подразумевает возможность оплаты товара в кредит, оферта должна содержать порядок возврата такого товара, (в случае признания некачественным), порядок расчетов и определеять Продавца, как сторону несущую расходы по предоставлению кредита Покупателю.

",,
18,Ст.25 закона о защите прав потребителей,"1. Потребитель вправе обменять непродовольственный товар надлежащего качества на аналогичный товар у продавца, у которого этот товар был приобретен, если указанный товар не подошел по форме, габаритам, фасону, расцветке, размеру или комплектации. 2.Потребитель имеет право на обмен непродовольственного товара надлежащего качества в течение четырнадцати дней, не считая дня его покупки. 
4.Отсутствие у потребителя товарного чека или кассового чека либо иного подтверждающего оплату товара документа не лишает его возможности ссылаться на свидетельские показания.
6.Перечень товаров, не подлежащих обмену по основаниям, указанным в настоящей статье, утверждается Правительством Российской Федерации.
5.В случае, если аналогичный товар отсутствует в продаже на день обращения потребителя к продавцу, потребитель вправе отказаться от исполнения договора купли-продажи и потребовать возврата уплаченной за указанный товар денежной суммы. Требование потребителя о возврате уплаченной за указанный товар денежной суммы подлежит удовлетворению в течение трех дней со дня возврата указанного товара.","Оферта должна содожержать положение об отнесении товара к категории  - возвратный/невозвратный.
Оферта должна содержать сроки обмена товара надлежащего качества в связи с неподхождением по критериями и кратко эти критерии.

Оферта должна содержать требования, предъявляемые к товару и его состоянию на момент возврата. 
Оферта может, но не обязана сожержать пути разрешения ситуаций, возникающих в ходе обмена товара. - в данном случае лучше всего указать в оферте отссылку к законодательству и сформулировать ее так: ""В случае возникновения иных споров, порядок разрешения которых не предусмотрен в данной Оферте, руководствоваться законодательством РФ."" или иной формулировкой БЕЗ искажения смысла. ","Оферта должна содожержать положение об отнесении товара к категории  - возвратный/невозвратный.
Оферта должна содержать сроки обмена товара надлежащего качества в связи с неподхождением по критериями и кратко эти критерии.

Оферта должна содержать требования, предъявляемые к товару и его состоянию на момент возврата. 
Оферта может, но не обязана сожержать пути разрешения ситуаций, возникающих в ходе обмена товара. - в данном случае лучше всего указать в оферте отссылку к законодательству и сформулировать ее так: ""В случае возникновения иных споров, порядок разрешения которых не предусмотрен в данной Оферте, руководствоваться законодательством РФ."" или иной формулировкой БЕЗ искажения смысла. ",,
19,"ст. 14 Правила продажи товаров при дистанционном способе продажи товара по договору розничной купли-продажи
","При дистанционном способе продажи товара с использованием информационно-телекоммуникационной сети ""Интернет"" (далее - сеть ""Интернет"") и (или) программы для электронных вычислительных машин продавец предоставляет потребителю подтверждение заключения договора розничной купли-продажи на условиях оферты, которая содержит существенные условия этого договора, после получения продавцом сообщения потребителя о намерении заключить договор розничной купли-продажи.
","Оферта должна информировать Стороны договора в полной мере и содержать исчерпывающую информацию о товаре, в ходе приобретения которого возникают отношения между ними.                        ","Оферта должна содержать полную исчерпывающую  информацию о товаре, в ходе приобретения которого возникают отношения суъбектов договора.                        ",,
20,"ГК РФ Статья 438. Акцепт,  ФЗ ""О рекламе""","Если в соответствии с Гражданским кодексом Российской Федерации реклама признается офертой, такая оферта действует в течение двух месяцев со дня распространения рекламы при условии, что в ней не указан иной срок.   Когда в оферте определен срок для акцепта, договор считается заключенным, если акцепт получен лицом, направившим оферту, в пределах указанного в ней срока.


Когда в оферте определен срок для акцепта, договор считается заключенным, если акцепт получен лицом, направившим оферту, в пределах указанного в ней срока.
","Оферта должна информировать Стороны договора о сроках действия этой оферты, то есть с момента возникновения правовых отношений между субъектами, в связи с присоединением к договору до момента их прекращения. В случае, если оферта не определяет сроки действиях этой оферты, то ее сроки определяет законодательство в пределах 2 месяцев.","Оферта должна содержать сроки действия оферты, то есть с момента возникновения правовых отношений до момента их прекращения. ",,
21,"ФЗ ""О персональных данных"",  ст.7., ст. 6.
","Операторы и иные лица, получившие доступ к персональным данным, обязаны не раскрывать третьим лицам и не распространять персональные данные без согласия субъекта персональных данных, если иное не предусмотрено федеральным законом.   Обработка персональных данных должна осуществляться с соблюдением принципов и правил, предусмотренных настоящим Федеральным законом. 

Обработка персональных данных допускается в следующих случаях - обработка персональных данных осуществляется с согласия субъекта персональных данных на обработку его персональных данных;
","Оферта должна предупреждать Покупателя об обязанности Продавца сохранять конфиденциальность персональных данных, о нераглашении их третьим лицам, о возможности их хранения и защиты с согласия их владельца.","Оферта должна содержать положения о конфиденциальности персональных данных, о нераглашении их третьим лицам, об их хранении и защите с согласия владельца.",,
22,"ФЗ ""О защите информации""","Положения оферты не должны противоречить положениям закона, тк. отношения, возникающие на почве купли-продажи и отраженные в оферте подпадают под сферу регуляции данного закона.","Оферта не должна содержать положения противоречащие положениям закона. Любая информация, созданная, размещенная в сети Интернет или переданная Сторонами друг другу в ходе договорных отношений должна быть защищена, согласно положениям закона. ","Оферта не должна содержать положения, несопоставимые с положениями закона",,
23,"Положение ЦБ РФ «Об эмиссии банковских карт и об операциях, совершаемых с использованием платёжных карт» от 24.12.2004 № 266-П","Операции по банковским картам совершаются держателем карты либо уполномоченным им лицом (п. 4 ст. 847 ГК РФ).
","Оферта должна предупреждать Стороны договора об их защите от действий третих лиц, то есть от мошенничества. А так же предупреждать Покупателя, что в рамках закона, при покупке товара дистанционным способом и оплате через банковскую карту, подразумевается, что владелец карты и заказчик - одно лицо, либо иное уполномоченное Покупателем лицо. ","Оферта должна содержать положение защищающее обе стороны отношений от действий третих лиц(мошенничества). При покупке товара дистанционным способом и оплате через банковскую карту, подразумевается, что владелец карты и заказчик - одно лицо. (Защита от мошенничества ст.159 УК)",,
24,ГК РФ Статья 510. Доставка товаров,"Доставка товаров осуществляется поставщиком путем отгрузки их транспортом, предусмотренным договором поставки, и на определенных в договоре условиях.  Договором поставки может быть предусмотрено получение товаров покупателем (получателем) в месте нахождения поставщика (выборка товаров).","Оферта должна информировать Покупателя о способах доставки доступных ему и предлагать сделать выбор, либо доносить порядок одного предложенного Продавцом способа. ","Оферта должна содержать способы доставки доступные Покупателю и предлагать на выбор, либо доносить порядок имеющегося способа. ",,
25,Правила продажи товаров по договору розничной купли-продажи,"Доставленный товар передается потребителю по указанному им адресу, а при отсутствии потребителя - любому лицу, предъявившему информацию о номере заказа, либо иное (в том числе электронное) подтверждение заключения договора розничной купли-продажи или оформление заказа, если иное не предусмотрено законодательством Российской Федерации или договором розничной купли-продажи.

","Оферта должна предупреждать Покупателя о том, что получателем товара выступает сам Покупатель или иное лицо,уполномоченное Покупателем, предоставившее индентификационные данные заказа.","Получателем товара выступает Покупатель или иное лицо, предоставившее индектификационные данные заказа.",,
26,ГК РФ Статья 513. Принятие товаров покупателем,"Покупатель (получатель) обязан совершить все необходимые действия, обеспечивающие принятие товаров, поставленных в соответствии с договором поставки., окупатель (получатель) обязан в этот же срок проверить количество и качество принятых товаров в порядке, установленном законом, иными правовыми актами, договором или обычаями делового оборота, и о выявленных несоответствиях или недостатках товаров незамедлительно письменно уведомить поставщика.",Оферта должна предупреждать Покупателя о его обязанности принять заказнный им товар и проверить его комплектность и состояние в момент получения. ,Оферта должна содержать обязанность Покупателя о принятии заказнного товара и о проверке его комплектности и состояния.,,
27,Правила продажи товаров по договору розничной купли-продажи,"Оплата товара потребителем путем перевода средств на счет третьего лица, указанного продавцом, не освобождает продавца от обязанности осуществить возврат уплаченной потребителем суммы при возврате потребителем товара как надлежащего, так и ненадлежащего качества

","Оферта должна информировать Покупателя об обязанности Продавца защищать Стороны договора от противоправных действий третьих лиц, а так же о том, что оплата товара Покупателем на счет третьих лиц не освобождает Продавца от обязанностей, вытекающих из договора.","Оферта содержит положение, защищающее стороны от действий третьих лиц. Оплата на счет третьих лиц не освобождает Продавца от обязанностей.",,
28,ГК РФ Статья 494. Публичная оферта товара,"Предложение товара в его рекламе, каталогах и описаниях товаров, обращенных к неопределенному кругу лиц, признается публичной офертой (пункт 2 статьи 437), если оно содержит все существенные условия договора розничной купли-продажи.  Выставление в месте продажи товаров, ...демонстрация их образцов или предоставление сведений о продаваемых товарах ....в сети ""Интернет"" признается публичной офертой независимо от того, указаны ли цена и другие существенные условия договора розничной купли-продажи, за исключением случая, когда продавец явно определил, что соответствующие товары не предназначены для продажи.","Оферта должна разъяснять Сторонам договора понятие оферты и определять круг товаров, которые она охватывает, а так же доводить до сведения Покупателя, в какую категорию товара входит преобретаемый товар (продовольственный/технически сложный/тд)","Оферта должна содержать понятие оферты и определять круг товаров, которые она охватывает (прописывать категорию товара -  продовольственный/технически сложный/др)",,
29,ГК РФ Статья 495. Предоставление покупателю информации о товаре,"Покупатель вправе до заключения договора розничной купли-продажи осмотреть товар, потребовать проведения в его присутствии проверки свойств или демонстрации использования товара, если это не исключено ввиду характера товара и не противоречит правилам, принятым в розничной торговле.","Оферта должна содержать право Покупателя на осмотр и демонстрацию товара в момент получения, а так же проверку комплектности и проверку его свойств до его оплаты, если это возмножно в виду характера товара.",Оферта должна содержать право покупателя на демонтасцию товара и проверку его свойств до его оплаты.,,
30,"ГК Статья 421. Свобода договора,   ст. 422. Договор и закон","1. Граждане и юридические лица свободны в заключении договора. Статья 421 ГК РФ подразумевает свободу договора и предоставляет сторонам право самостоятельно определять условия договора, в том числе закреплять возможность их изменения в одностороннем порядке, кроме случаев, когда содержание соответствующего условия предписано законом или иными правовыми актами (ст. 422 ГК РФ).",Оферта должна предупреждать Покупателя об изменении условий договора офреты Продавцом в одностороннем порядке без предупреждения Покупателя об этих изменениях.,Оферта должна содержать предупреждение об изменении офреты в одностороннем порядке,,
31,"ГК и Федеральные законы, регулирующие отношения ",Перечисление нормативно-правовой базы с названиями и номерами актов для ознакомления и отсылки читающего в нормы права (для уточнения пробелов и сокращения основного текста),"Оферта должна информировать Стороны договора о законодательстве, которым руководствовался Продавец при создании оферты.","Оферта должна содержать ссылки на законодательство, которым руководствовался создатель оферты",,
32,"Федеральный Закон ""О персональных данных""",Продавец несет ответсвенность за предоставление недостоверных данных о себе и товаре. Покупатель обязуется предоставить о себе достоверные данные. При предоставлении Покупателем недостоверных данных о себе - Продавец за последствия данного факта ответвенности не несет.,Оферта должна предупреждать Покупателя и другие стороны договора об ответсвенности за не предоставление данных о себе или за предоставление недостоверных данных о себе и вытекающих из этого последствиях.А так же предупреждать Покупателя об отсутсвии ответственности Продавца за предоставление неверных или непредоставление данных Покупателем.,Оферта должна определять зону ответсвенности субъектов за предоставление данных/недостоверных данных о себе.,,
33,"Указ Президента РФ от 22.02.1992 N 179  ""О видах продукции (работ, услуг) и отходов производства, свободная реализация которых запрещена""
","Товар не должен подпадать под список запрещенных товаров в обороте РФ, иметь соответвующую сертификацию и разрешения на продажу (в зависимости от вида товара)","Оферта должна информировать Стороны договора о соответсвии требованиям закона товара, по поводу которого возникают отношения между ними.",Оферта должна содержать указание о соответсвии товара требованиям закона,,
34,Правила продажи товаров при дистанционном способе продажи,"Статья 10 Закона «О защите прав потребителей», не предусматривает такого понятия, как четкое соответствие представленного на сайте или в каталоге изображения товара и товара в натуре.","Оферта должна предупреждать Покупателя о том, что товар может незначительно отличаться в некоторых характеристиках из-за искажения изображения, предоставленного Продавцом в каталоге или на сайте, экраном или других технических причин. ","Оферта должна содержать предупреждние о том, что товар может незначительно отличаться в некоторых характеристиках из-за искажения изображения или других технических причин. ",,
35,п. 1 ст. 168. Налогового Кодекса РФ ,"При реализации товаров (работ, услуг), передаче имущественных прав налогоплательщик дополнительно к цене (тарифу) реализуемых товаров (работ, услуг) обязан предъявить к оплате покупателю этих товаров (работ, услуг), имущественных прав соответствующую сумму налога.","Оферта должна информировать Покупателя о цене товара, установленной Продавцом и валюте, в которой происходит расчет, а так же о включении или не включении НДС в стоимость товара.","Оферта должна содержать информацию о цене, валюте, в которой происходит расчет и о включении/не включении НДС.",,
36,Правила продажи товаров при дистанционном способе продажи,"Товар находится в продаже круглосуточно и доступен к приобретению всем, соответсвенно количество доступное к преобретению постоянно меняется. Исходя из величины спроса и количества товара доступного к преобретению его цена может меняться в режиме реального времени. ","Оферта должна предупреждать Покупателя об изменении наличия товара у Продавца и его цены в режиме реального времени, в ходе торговли дистанционным способом (для Интернет-площадок)",Оферта должна содержать предупреждение об изменении статуса наличия и цены товара в режиме реального времени (для Интернет-площадок),,
37,Разъяснения ФАС России от 09.06.2017 N АК/39035/17 ,"В договоре купли-продажи может быть предусмотрена фиксированная цена товара либо цена, определяемая исходя из его условий. Таким образом, гражданским законодательством допускается включение в договор условий о способе и порядке определения цены. При этом в договоре может быть установлен способ определения цены или ее составной части. ","Оферта должна информировать Покупатетеля о системе лояльности, предусмотренной Продавцом, порядке присоединения к ней, если таковая существует и возмножном изменении стоимости товара.","Оферта должна содержать упоминания о системе лояльности, если таковая существует и возмножном изменении стоимости товара.",,
38,"Определение Второго кассационного суда общей юрисдикции от 22.07.2021 № 88-16389/2021 по делу № 2-6769/2020

Статья 428. Договор присоединения
Статья 421. Свобода договора


","Оферта вправе устанавливать Правила пользования/Пользовательские соглашения/иные внутренние акты, регламентирующие регистрацию и работу Личных кабинетов/аккаунтов/тп, если их положения не противоречат законодательсву РФ. Оферта является договором присоединения. Договор Присоединения, условия которого определены одной из сторон в формулярах или иных стандартных формах и могли быть приняты другой стороной не иначе как путем присоединения к предложенному договору в целом. При заключении пользовательского соглашения у пользователя есть возможность только принять или не принимать условия этого соглашения, но нет возможности их изменить или выработать новые.","Оферта должна предупреждать Покупателя о том, что Продавец вправе устанавливать любые собственные внутренние Правила пользования площадкой, на которой ведется продажа товаров, регламентирующие регистрацию и работу аккаунтов, при условии, что они не противоречат закону РФ.","Оферта вправе устанавливать Правила пользования площадкой, регламентирующие регистрацию и работу аккаунтов, если они не противоречат закону.",,
39,ГК РФ Статья 510. Доставка товаров,"Интернет-магазин вправе доставить Заказ с привлечением услуг третьих лиц, оставаясь ответственным за надлежащее выполнение своих обязательств. Доставка товаров осуществляется поставщиком путем отгрузки их транспортом, предусмотренным договором поставки, и на определенных в договоре условиях.

В случаях, когда в договоре не определено, каким видом транспорта или на каких условиях осуществляется доставка, право выбора вида транспорта или определения условий доставки товаров принадлежит поставщику, если иное не вытекает из закона, иных правовых актов, существа обязательства или обычаев делового оборота.",Оферта должна информировать Покупателя о праве Продавца осуществлять доставку с помощью привлечения третьих лиц.,Оферта должна информировать о возможности доставки с помощью третьих лиц.,,
40,"Федеральный закон от 27.07.2006 N 149-ФЗ  ""Об информации, информационных технологиях и о защите информации""","Конфиденциальность информации - обязательное для выполнения лицом, получившим доступ к определенной информации, требование не передавать такую информацию третьим лицам без согласия ее обладателя;
Лицо, осуществляющее вручение Заказа, имеет право потребовать документы, удостоверяющие личность Получателя.
",Оферта должна предупреждать Покупателя о праве Продавца идентифицировать Получателя товара с помощью удостоверения личности и его обязанности сохранять полученную в ходе идентификации информацию конфиденциальной.,Оферта должна предупреждать о возможности идентификации Получателя с помощью удостоверения личности и своей обязанности сохранять это конфиденциальным.,,
41,"Закон РФ ""О защите прав потребителей""
Статья 16.1. Формы и порядок оплаты при продаже товаров","Продавец (исполнитель, владелец агрегатора в случае использования в своей деятельности наличных расчетов с потребителем) обязан обеспечить возможность оплаты товаров (работ, услуг) путем использования национальных платежных инструментов, а также наличных расчетов по выбору потребителя.","Оферта должна доносить до Покупателя исчерпывающий список форм оплаты, функционирующих в соответсвии закону РФ.","Оферта должна содержать исчерпывающий список форм оплаты, а так же их соответсвие закону РФ.",,
42,"Федеральный закон от 27.07.2006 N 149-ФЗ ""Об информации, информационных технологиях и о защите информации""
Статья 16. Защита информации",Обладатель информации ... обязан обеспечить: предотвращение несанкционированного доступа к информации и (или) передачи ее третьим лицам.. своевременное обнаружение фактов несанкционированного доступа к информации;  предупреждение возможности неблагоприятных последствий ..;недопущение воздействия на технические средства обработки информации..;возможность незамедлительного восстановления информации..;постоянный контроль за ..защищенностью информации;нахождение на территории Российской Федерации баз данных информации...,Оферта должна содержать обязанность Продавца по защите всех данных переданных ему Покупателем в связи с возникновением договорных отношений.,Оферта должна содержать обязанность Продавца о защите всех данных переданных ему Покупателем в связи с возникновением договорных отношений.,,
43,"ГК, ст. 438","Акцептом признается ответ лица, которому адресована оферта, о ее принятии. Совершение лицом, получившим оферту, в срок, установленный для ее акцепта, действий по выполнению указанных в ней условий договора считается акцептом.Акцепт должен быть полным и безоговорочным. Молчание не является акцептом..","Оферта должна предупреждать Покупателя о принятии всех условий предусмотренных Продавцом в оферте, в случае присоединения к данной оферте.",Оферта должна содержать условие присоединения к оферте.,,
44,"ГК, ст. 489","Договором о продаже товара в кредит может быть предусмотрена оплата товара в рассрочку. Договор о продаже товара в кредит с условием о рассрочке платежа считается заключенным, если в нем наряду с другими существенными условиями договора купли-продажи указаны цена товара, порядок, сроки и размеры платежей.","Оферта должна информировать Покупателя о возмножности предоставления Продавцом купли-продажи товара в рассрочку, если таковые условия предоставляются.",Оферта должна содержать порядок и условия купли-продажи товара в рассрочку (если таковые условия предоставляются),,
45,ГК РФ Статья 401,"Лицо, не исполнившее обязательства либо исполнившее его ненадлежащим образом, несет ответственность при наличии вины (умысла или неосторожности), кроме случаев, когда законом или договором предусмотрены иные основания ответственности.

Лицо признается невиновным, если при той степени заботливости и осмотрительности, какая от него требовалась по характеру обязательства и условиям оборота, оно приняло все меры для надлежащего исполнения обязательства.Отсутствие вины доказывается лицом, нарушившим обязательство.","Оферта должна предупреждать Стороны об основаниях отсуствия ответсвенности друг перед дургом при невыполнении обязательств, вытекающих из договора, в том числе о форс-мажорах и краткое описание таких обстоятельств.",Оферта должна содержать упоминания об основаниях отсуствия ответсвенности при невыполнении обязательства.,,
46,"ГПК РФ Статья 132. Документы, прилагаемые к исковому заявлению, ","Претензионный или иной досудебный порядок урегулирования спора является обязательным в случаях, предусмотренных законом или договором. Обязательными документами, при передаче дела в в суд, являются документы, подтверждающие совершение стороной (сторонами) действий, направленных на примирение, если такие действия предпринимались и соответствующие документы имеются.","Оферта должна информировать Стороны об обязательном досудебном урегулировании, случае возникновения споров,по инициативе одной из сторон договора.",Оферта должна содержать упоминание о досудебном урегулировании споров по инициативе стороны договора.,,
47,"Зако ""О защите прав потребителй"" Статья 42.3. Подача и рассмотрение обращений потребителей","Обращение потребителя может быть направлено в письменной форме на бумажном носителе или в электронной форме в орган государственного надзора, иные уполномоченные федеральные органы исполнительной власти, орган исполнительной власти субъекта Российской Федерации либо орган местного самоуправления.

",Оферта может содержать право Покупателя на подачу жалоб в уполномоченные федеральные ограны исполнительной власти и органы государственного надзора при нарушении законодательства Сторонами договора.,Оферта может содержать право Покупателя на подачу жалоб в уполномоченные органы.,,
48,"Гражданский процессуальный кодекс РФ Статья 3. Право на обращение в суд

","Заинтересованное лицо вправе в порядке, установленном законодательством о гражданском судопроизводстве, обратиться в суд за защитой нарушенных либо оспариваемых прав, свобод или законных интересов.    Защита прав потребителей осуществляется судом.       Иски о защите прав потребителей могут быть предъявлены по выбору истца в суд по месту:
нахождения организации, а если ответчиком является индивидуальный предприниматель, его жительства;жительства или пребывания истца; заключения или исполнения договора.",Оферта должна информировать Стороны договора об их праве инициировать судебный процесс в случае возникновения споров и невозмножности достижения примирения.,Оферта должна содержать право сторон инициировать судебный процесс.,,
49,ГК РФ Статья 435. Оферта,"Недействительность какого-либо положения настоящих Правил не влечет за собой недействительность остальных положений.
Юридически закрепленной трактовки нет, но она должна звучить таким или иным образом без потери смысла.",Оферта должна информировать Стороны договора о своей актуальности и юридической силе. ,Оферта должна содержать положения о своей юридической силе.,,