Компания,Номер положения оферты,№ пункта Таблицы с НПА,Статус соответствия,Комментарий
"""Котофей"" ИП Савёлов Андрей Александрович",1.1.,2,соответствует,
"""Котофей"" ИП Савёлов Андрей Александрович",1.2.,43,соответствует,
"""Котофей"" ИП Савёлов Андрей Александрович",1.3.,43,соответствует,
"""Котофей"" ИП Савёлов Андрей Александрович",1.4.,19,соответствует,
"""Котофей"" ИП Савёлов Андрей Александрович",1.5.,38,соответствует,
"""Котофей"" ИП Савёлов Андрей Александрович",1.5.,43,соответствует,
"""Котофей"" ИП Савёлов Андрей Александрович",2.1.,26,соответствует,
"""Котофей"" ИП Савёлов Андрей Александрович",2.1.,36,соответствует,
"""Котофей"" ИП Савёлов Андрей Александрович",2.2.,30,соответствует,
"""Котофей"" ИП Савёлов Андрей Александрович",2.3.,35,не соответствует,
"""Котофей"" ИП Савёлов Андрей Александрович",2.4.,49,соответствует,
"""Котофей"" ИП Савёлов Андрей Александрович",2.5.,19,не соответствует,
"""Котофей"" ИП Савёлов Андрей Александрович",3.1.,38,соответствует,
"""Котофей"" ИП Савёлов Андрей Александрович",3.2.,32,соответствует,
"""Котофей"" ИП Савёлов Андрей Александрович",3.3.,38,соответствует,
"""Котофей"" ИП Савёлов Андрей Александрович",3.4.,32,соответствует,
"""Котофей"" ИП Савёлов Андрей Александрович",3.5.,32,соответствует,
"""Котофей"" ИП Савёлов Андрей Александрович",3.6.,43,соответствует,
"""Котофей"" ИП Савёлов Андрей Александрович",3.7.,3,соответствует,
"""Котофей"" ИП Савёлов Андрей Александрович",3.8.,3,иное,
"""Котофей"" ИП Савёлов Андрей Александрович",3.9.,45,иное,
"""Котофей"" ИП Савёлов Андрей Александрович",3.10.,24,соответствует,
"""Котофей"" ИП Савёлов Андрей Александрович",3.11.,6,не соответствует,
"""Котофей"" ИП Савёлов Андрей Александрович",3.12.,36,соответствует,
"""Котофей"" ИП Савёлов Андрей Александрович",3.13.,20,соответствует,
"""Котофей"" ИП Савёлов Андрей Александрович",3.14.,32,соответствует,
"""Котофей"" ИП Савёлов Андрей Александрович",3.15.,45,соответствует,
"""Котофей"" ИП Савёлов Андрей Александрович",3.16.,41,соответствует,
"""Котофей"" ИП Савёлов Андрей Александрович",3.17.,30,соответствует,
"""Котофей"" ИП Савёлов Андрей Александрович",3.18.,38,соответствует,
"""Котофей"" ИП Савёлов Андрей Александрович",3.19.,36,соответствует,
"""Котофей"" ИП Савёлов Андрей Александрович",3.20.,36,соответствует,
"""Котофей"" ИП Савёлов Андрей Александрович",3.21.,36,соответствует,
"""Котофей"" ИП Савёлов Андрей Александрович",4.1.,38,соответствует,
"""Котофей"" ИП Савёлов Андрей Александрович",4.2.,32,соответствует,
"""Котофей"" ИП Савёлов Андрей Александрович",4.3.,32,соответствует,
"""Котофей"" ИП Савёлов Андрей Александрович",4.4.,38,соответствует,
"""Котофей"" ИП Савёлов Андрей Александрович",4.5.,32,соответствует,
"""Котофей"" ИП Савёлов Андрей Александрович",4.6.,32,не соответствует,
"""Котофей"" ИП Савёлов Андрей Александрович",4.7.,38,соответствует,
"""Котофей"" ИП Савёлов Андрей Александрович",4.8.,38,соответствует,
"""Котофей"" ИП Савёлов Андрей Александрович",4.9.,41,соответствует,
"""Котофей"" ИП Савёлов Андрей Александрович",4.10.,41,соответствует,
"""Котофей"" ИП Савёлов Андрей Александрович",5.1.,12,не соответствует,
"""Котофей"" ИП Савёлов Андрей Александрович",5.2.,12,соответствует,
"""Котофей"" ИП Савёлов Андрей Александрович",5.3.,12,соответствует,
"""Котофей"" ИП Савёлов Андрей Александрович",5.4.,11,соответствует,
"""Котофей"" ИП Савёлов Андрей Александрович",5.5.,18,соответствует,
"""Котофей"" ИП Савёлов Андрей Александрович",5.6.,18,не соответствует,
"""Котофей"" ИП Савёлов Андрей Александрович",5.7.,15,соответствует,
"""Котофей"" ИП Савёлов Андрей Александрович",5.8.,18,соответствует,
"""Котофей"" ИП Савёлов Андрей Александрович",6.1.,38,соответствует,
"""Котофей"" ИП Савёлов Андрей Александрович",6.2.,18,соответствует,
"""Котофей"" ИП Савёлов Андрей Александрович",6.3.,45,соответствует,
"""Котофей"" ИП Савёлов Андрей Александрович",7.1.,22,соответствует,
"""Котофей"" ИП Савёлов Андрей Александрович",8.1.,,иное,
"""Котофей"" ИП Савёлов Андрей Александрович",8.2.,27,соответствует,
"""Котофей"" ИП Савёлов Андрей Александрович",8.3.,21,соответствует,
"""Котофей"" ИП Савёлов Андрей Александрович",8.4.,33,соответствует,
"""Котофей"" ИП Савёлов Андрей Александрович",8.5.,46,соответствует,
"ООО ""Франческа Донни""",1.1.,,,
"ООО ""Франческа Донни""",1.2.,43,соответствует,
"ООО ""Франческа Донни""",1.3.,49,соответствует,
"ООО ""Франческа Донни""",1.4.,30,соответствует,
"ООО ""Франческа Донни""",1.5.1.,43,соответствует,
"ООО ""Франческа Донни""",1.5.1.,38,соответствует,
"ООО ""Франческа Донни""",1.5.2.,43,соответствует,
"ООО ""Франческа Донни""",1.6.,20,соответствует,
"ООО ""Франческа Донни""",1.7.,32,соответствует,
"ООО ""Франческа Донни""",1.8.,27,соответствует,
"ООО ""Франческа Донни""",1.9.,38,соответствует,
"ООО ""Франческа Донни""",1.10.,19,соответствует,
"ООО ""Франческа Донни""",1.11.,22,соответствует,
"ООО ""Франческа Донни""",2.1.,20,соответствует,
"ООО ""Франческа Донни""",2.2.,1,соответствует,
"ООО ""Франческа Донни""",3.1.,38,соответствует,
"ООО ""Франческа Донни""",3.2.,32,соответствует,
"ООО ""Франческа Донни""",3.3.,32,соответствует,
"ООО ""Франческа Донни""",3.4.,36,соответствует,
"ООО ""Франческа Донни""",3.5.,10,соответствует,
"ООО ""Франческа Донни""",3.6.,38,соответствует,
"ООО ""Франческа Донни""",3.7.,32,соответствует,
"ООО ""Франческа Донни""",3.8.,38,соответствует,
"ООО ""Франческа Донни""",3.9.,7,иное,
"ООО ""Франческа Донни""",4.1.,24,соответствует,
"ООО ""Франческа Донни""",4.2.,7,соответствует,
"ООО ""Франческа Донни""",4.2.1.,24,соответствует,
"ООО ""Франческа Донни""",4.2.1.,15,не соответствует,
"ООО ""Франческа Донни""",4.3.,16,не соответствует,
"ООО ""Франческа Донни""",4.4.,25,соответствует,
"ООО ""Франческа Донни""",4.5.,26,соответствует,
"ООО ""Франческа Донни""",4.6.,24,соответствует,
"ООО ""Франческа Донни""",4.7.,39,не соответствует,
"ООО ""Франческа Донни""",4.8.,20,соответствует,
"ООО ""Франческа Донни""",4.9.,29,соответствует,
"ООО ""Франческа Донни""",4.10.,10,соответствует,
"ООО ""Франческа Донни""",5.1.,35,соответствует,
"ООО ""Франческа Донни""",5.2.,36,соответствует,
"ООО ""Франческа Донни""",5.3.,37,соответствует,
"ООО ""Франческа Донни""",5.3.1.,41,соответствует,
"ООО ""Франческа Донни""",5.3.2.,41,соответствует,
"ООО ""Франческа Донни""",5.4.1.,23,соответствует,
"ООО ""Франческа Донни""",5.6.,23,соответствует,
"ООО ""Франческа Донни""",5.7.,23,соответствует,
"ООО ""Франческа Донни""",5.8.,37,соответствует,
"ООО ""Франческа Донни""",5.9.,37,соответствует,
"ООО ""Франческа Донни""",5.10.,38,соответствует,
"ООО ""Франческа Донни""",5.11.,38,соответствует,
"ООО ""Франческа Донни""",5.12.,38,соответствует,
"ООО ""Франческа Донни""",6.1.1.,18,соответствует,
"ООО ""Франческа Донни""",6.1.2.,18,не соответствует,
"ООО ""Франческа Донни""",6.1.3.,18,соответствует,
"ООО ""Франческа Донни""",6.2.1.,18,соответствует,
"ООО ""Франческа Донни""",6.2.2.,15,соответствует,
"ООО ""Франческа Донни""",6.2.3.,15,соответствует,
"ООО ""Франческа Донни""",6.2..4.,18,соответствует,
"ООО ""Франческа Донни""",6.3.1.,17,соответствует,
"ООО ""Франческа Донни""",6.3.2.,29,соответствует,
"ООО ""Франческа Донни""",6.3.3.,10,не соответствует,
"ООО ""Франческа Донни""",6.3.4.,14,не соответствует,
"ООО ""Франческа Донни""",6.3.4.,47,соответствует,
"ООО ""Франческа Донни""",6.3.4.,46,соответствует,
"ООО ""Франческа Донни""",6.3.4.,48,соответствует,
"ООО ""Франческа Донни""",6.3.5.,15,не соответствует,
"ООО ""Франческа Донни""",6.3.6.,15,соответствует,
"ООО ""Франческа Донни""",7.1.,10,соответствует,
"ООО ""Франческа Донни""",7.2.,32,соответствует,
"ООО ""Франческа Донни""",8.1.,21,соответствует,
"ООО ""Франческа Донни""",8.2.,32,соответствует,
"ООО ""Франческа Донни""",8.3.,21,соответствует,
"ООО ""Франческа Донни""",8.4.,21,соответствует,
"ООО ""Франческа Донни""",8.5.,22,соответствует,
"ООО ""Франческа Донни""",8.6.,22,соответствует,
"ООО ""Франческа Донни""",8.7.,22,соответствует,
"ООО ""Франческа Донни""",8.8.,21,не соответствует,
"ООО ""Франческа Донни""",8.9.,21,соответствует,
"ООО ""Франческа Донни""",8.10.,21,не соответствует,
"ООО ""Франческа Донни""",8.11.,38,соответствует,
"ООО ""Франческа Донни""",8.12.,38,соответствует,
"ООО ""Франческа Донни""",8.13.,21,соответствует,
"ООО ""Франческа Донни""",9.1.,43,соответствует,
"ООО ""Франческа Донни""",10.1.,39,соответствует,
"ООО ""Франческа Донни""",10.2.,38,соответствует,
"ООО ""Франческа Донни""",10.3.,31,соответствует,
"ООО ""Франческа Донни""",10.4.,46,не соответствует,
"ООО ""Франческа Донни""",10.5.,49,соответствует,
"ООО ""Экко-Рос""",1.1.,1,соответствует,
"ООО ""Экко-Рос""",1.1.,2,соответствует,
"ООО ""Экко-Рос""",1.2.,31,соответствует,
"ООО ""Экко-Рос""",1.3.,43,соответствует,
"ООО ""Экко-Рос""",1.3.,20,соответствует,
"ООО ""Экко-Рос""",1.4.,43,соответствует,
"ООО ""Экко-Рос""",1.5.,1,соответствует,
"ООО ""Экко-Рос""",1.6.,30,соответствует,
"ООО ""Экко-Рос""",1.7.,24,соответствует,
"ООО ""Экко-Рос""",1.8.,22,соответствует,
"ООО ""Экко-Рос""",1.9.,34,соответствует,
"ООО ""Экко-Рос""",1.10.,42,соответствует,
"ООО ""Экко-Рос""",1.10.1.,42,соответствует,
"ООО ""Экко-Рос""",1.10.2.,42,соответствует,
"ООО ""Экко-Рос""",1.10.3.,32,соответствует,
"ООО ""Экко-Рос""",1.10.4.,42,соответствует,
"ООО ""Экко-Рос""",1.10.5.,38,соответствует,
"ООО ""Экко-Рос""",1.10.6.,32,соответствует,
"ООО ""Экко-Рос""",2.1.,32,не соответствует,
"ООО ""Экко-Рос""",2.2.,32,соответствует,
"ООО ""Экко-Рос""",3.1.,26,соответствует,
"ООО ""Экко-Рос""",3.2.,25,соответствует,
"ООО ""Экко-Рос""",3.3.,36,соответствует,
"ООО ""Экко-Рос""",3.4.,35,соответствует,
"ООО ""Экко-Рос""",4.1.,43,соответствует,
"ООО ""Экко-Рос""",4.2.,43,соответствует,
"ООО ""Экко-Рос""",4.3.,43,соответствует,
"ООО ""Экко-Рос""",4.4.,43,соответствует,
"ООО ""Экко-Рос""",5.1.,38,соответствует,
"ООО ""Экко-Рос""",5.2.,36,соответствует,
"ООО ""Экко-Рос""",5.3.,38,соответствует,
"ООО ""Экко-Рос""",5.4.,38,соответствует,
"ООО ""Экко-Рос""",5.5.,38,соответствует,
"ООО ""Экко-Рос""",5.6.,38,соответствует,
"ООО ""Экко-Рос""",6.1.1.,30,соответствует,
"ООО ""Экко-Рос""",6.1.2.,42,соответствует,
"ООО ""Экко-Рос""",6.1.3.,39,соответствует,
"ООО ""Экко-Рос""",6.1.4.,38,соответствует,
"ООО ""Экко-Рос""",6.1.5.,38,соответствует,
"ООО ""Экко-Рос""",6.1.6.,38,соответствует,
"ООО ""Экко-Рос""",6.1.7.,22,соответствует,
"ООО ""Экко-Рос""",6.1.8.,22,соответствует,
"ООО ""Экко-Рос""",6.1.9.,22,соответствует,
"ООО ""Экко-Рос""",6.2.1.,3,соответствует,
"ООО ""Экко-Рос""",6.2.2.,5,соответствует,
"ООО ""Экко-Рос""",6.2.3.,41,соответствует,
"ООО ""Экко-Рос""",6.2.4.,43,соответствует,
"ООО ""Экко-Рос""",6.2.5.,,иное,
"ООО ""Экко-Рос""",6.3.1.,38,соответствует,
"ООО ""Экко-Рос""",7.1.,49,соответствует,
"ООО ""Экко-Рос""",8.1.,39,соответствует,
"ООО ""Экко-Рос""",8.1.,24,соответствует,
"ООО ""Экко-Рос""",8.2.,24,соответствует,
"ООО ""Экко-Рос""",8.3.,8,не соответствует,
"ООО ""Экко-Рос""",8.4.,38,соответствует,
"ООО ""Экко-Рос""",8.5.,25,соответствует,
"ООО ""Экко-Рос""",8.6.,45,соответствует,
"ООО ""Экко-Рос""",8.7.,29,соответствует,
"ООО ""Экко-Рос""",8.7.,11,не соответствует,
"ООО ""Экко-Рос""",8.8.,13,не соответствует,
"ООО ""Экко-Рос""",8.9.,24,соответствует,
"ООО ""Экко-Рос""",9.1.,35,соответствует,
"ООО ""Экко-Рос""",9.2.,35,соответствует,
"ООО ""Экко-Рос""",9.3.,36,соответствует,
"ООО ""Экко-Рос""",9.4.,37,соответствует,
"ООО ""Экко-Рос""",9.4.,44,соответствует,
"ООО ""Экко-Рос""",9.5.,5,соответствует,
"ООО ""Экко-Рос""",9.6.,6,не соответствует,
"ООО ""Экко-Рос""",9.7.,6,соответствует,
"ООО ""Экко-Рос""",10.1.1.,6,соответствует,
"ООО ""Экко-Рос""",10.1.2.,6,соответствует,
"ООО ""Экко-Рос""",10.1.3.,18,соответствует,
"ООО ""Экко-Рос""",10.1.4.,18,не соответствует,
"ООО ""Экко-Рос""",10.1.5.,18,соответствует,
"ООО ""Экко-Рос""",10.1.6.,18,соответствует,
"ООО ""Экко-Рос""",10.2.1.,11,не соответствует,
"ООО ""Экко-Рос""",10.2.2.,11,соответствует,
"ООО ""Экко-Рос""",10.2.3.,15,соответствует,
"ООО ""Экко-Рос""",10.2.4.,11,соответствует,
"ООО ""Экко-Рос""",10.2.5.,11,соответствует,
"ООО ""Экко-Рос""",10.2.6.,11,соответствует,
"ООО ""Экко-Рос""",10.2.7.,11,соответствует,
"ООО ""Экко-Рос""",10.2.7.,17,соответствует,
"ООО ""Экко-Рос""",11.1.,3,соответствует,
"ООО ""Экко-Рос""",12.1.,45,соответствует,
"ООО ""Экко-Рос""",13.1.,31,соответствует,
"ООО ""Экко-Рос""",13.2.,22,соответствует,
"ООО ""Экко-Рос""",13.3.,32,соответствует,
"ООО ""Экко-Рос""",13.4.,32,соответствует,
"ООО ""Экко-Рос""",14.1.,32,соответствует,
"ООО ""Экко-Рос""",14.2.,32,соответствует,
"ООО ""Экко-Рос""",14.3.,42,соответствует,
"ООО ""Экко-Рос""",14.4.,42,соответствует,
"ООО ""Экко-Рос""",15.1.,38,соответствует,
"ООО ""Экко-Рос""",15.2.,49,соответствует,
"ООО ""Экко-Рос""",15.3.,32,соответствует,
"ООО ""Экко-Рос""",15.4.,38,соответствует,
"ООО ""Экко-Рос""",15.5.,38,соответствует,
"ООО ""Экко-Рос""",15.6.,2,соответствует,
"ООО ""Экко-Рос""",15.7.,34,соответствует,
"ООО ""Экко-Рос""",15.8.,46,соответствует,
"ООО ""Экко-Рос""",15.9.,48,соответствует,
"ООО ""КРОКИД""",1.1.,1,соответствует,
"ООО ""КРОКИД""",1.2.,43,соответствует,
"ООО ""КРОКИД""",1.3.,38,соответствует,
"ООО ""КРОКИД""",1.4.,43,соответствует,
"ООО ""КРОКИД""",1.5.,20,соответствует,
"ООО ""КРОКИД""",1.6.,31,соответствует,
"ООО ""КРОКИД""",1.7.,30,соответствует,
"ООО ""КРОКИД""",1.8.,49,соответствует,
"ООО ""КРОКИД""",1.9.,39,соответствует,
"ООО ""КРОКИД""",2.1.,34,соответствует,
"ООО ""КРОКИД""",2.2.,34,соответствует,
"ООО ""КРОКИД""",2.3.,33,соответствует,
"ООО ""КРОКИД""",2.4.,36,соответствует,
"ООО ""КРОКИД""",3.1.,38,соответствует,
"ООО ""КРОКИД""",3.1.1.,32,соответствует,
"ООО ""КРОКИД""",3.2.,38,соответствует,
"ООО ""КРОКИД""",3.3.,25,соответствует,
"ООО ""КРОКИД""",3.4.,5,соответствует,
"ООО ""КРОКИД""",3.5.,38,не соответствует,
"ООО ""КРОКИД""",3.6.,38,соответствует,
"ООО ""КРОКИД""",4.1.,35,соответствует,
"ООО ""КРОКИД""",4.2.,35,соответствует,
"ООО ""КРОКИД""",4.3.,36,соответствует,
"ООО ""КРОКИД""",4.4.,37,соответствует,
"ООО ""КРОКИД""",4.5.,41,соответствует,
"ООО ""КРОКИД""",4.5.1.,41,соответствует,
"ООО ""КРОКИД""",4.5.2.,41,соответствует,
"ООО ""КРОКИД""",5.1.,3,соответствует,
"ООО ""КРОКИД""",5.2.,39,соответствует,
"ООО ""КРОКИД""",5.3.,25,соответствует,
"ООО ""КРОКИД""",5.4.,40,соответствует,
"ООО ""КРОКИД""",5.5.,29,соответствует,
"ООО ""КРОКИД""",5.6.,24,соответствует,
"ООО ""КРОКИД""",5.7.,24,соответствует,
"ООО ""КРОКИД""",6.1.,6,не соответствует,
"ООО ""КРОКИД""",6.2.,6,соответствует,
"ООО ""КРОКИД""",6.3.,6,соответствует,
"ООО ""КРОКИД""",6.4.,6,соответствует,
"ООО ""КРОКИД""",6.5.,6,соответствует,
"ООО ""КРОКИД""",6.6.,15,соответствует,
"ООО ""КРОКИД""",6.6.,38,соответствует,
"ООО ""КРОКИД""",6.7.,11,соответствует,
"ООО ""КРОКИД""",6.8.,10,соответствует,
"ООО ""КРОКИД""",6.9.,11,соответствует,
"ООО ""КРОКИД""",6.10.,11,соответствует,
"ООО ""КРОКИД""",6.11.,11,соответствует,
"ООО ""КРОКИД""",6.12.,11,соответствует,
"ООО ""КРОКИД""",6.13.,11,соответствует,
"ООО ""КРОКИД""",6.14.,11,соответствует,
"ООО ""КРОКИД""",6.15.,38,соответствует,
"ООО ""КРОКИД""",6.16.,12,соответствует,
"ООО ""КРОКИД""",6.17.,6,не соответствует,
"ООО ""КРОКИД""",6.18.,15,соответствует,
"ООО ""КРОКИД""",6.19.,38,соответствует,
"ООО ""КРОКИД""",6.20.,38,соответствует,
"ООО ""КРОКИД""",7.1.,45,соответствует,
"ООО ""КРОКИД""",7.2.,32,соответствует,
"ООО ""КРОКИД""",7.3.,32,не соответствует,
"ООО ""КРОКИД""",8.1.,22,соответствует,
"ООО ""КРОКИД""",8.2.,42,соответствует,
"ООО ""КРОКИД""",8.3.,32,соответствует,
"ООО ""КРОКИД""",8.4.,42,соответствует,
"ООО ""КРОКИД""",8.5.,22,соответствует,
"ООО ""КРОКИД""",8.6.,39,соответствует,
"ООО ""КРОКИД""",8.7.,22,соответствует,
"ООО ""КРОКИД""",8.8.,38,соответствует,
"ООО ""КРОКИД""",8.9.,38,соответствует,
"ООО ""КРОКИД""",8.10.,32,соответствует,
"ООО ""КРОКИД""",8.11.,22,соответствует,
"ООО ""КРОКИД""",8.12.,22,соответствует,
"ООО ""КРОКИД""",8.13.,31,соответствует,
"ООО ""КРОКИД""",8.14.,46,соответствует,
"ООО ""КРОКИД""",8.15.,4,соответствует,
"ООО ""КРОКИД""",8.16.,30,соответствует,
"ООО ""КРОКИД""",8.17.,22,соответствует,
"ООО ""КРОКИД""",8.18.,49,соответствует,
"ООО ""МВМ""",1.,3,соответствует,
"ООО ""МВМ""",2.1.,43,соответствует,
"ООО ""МВМ""",2.2.,31,не соответствует,
"ООО ""МВМ""",2.3.,30,соответствует,
"ООО ""МВМ""",2.4.,43,соответствует,
"ООО ""МВМ""",2.5.,37,соответствует,
"ООО ""МВМ""",2.6.,22,соответствует,
"ООО ""МВМ""",2.7.,5,соответствует,
"ООО ""МВМ""",2.8.,22,соответствует,
"ООО ""МВМ""",2.9.,1,соответствует,
"ООО ""МВМ""",2.10.,3,соответствует,
"ООО ""МВМ""",2.11.,4,соответствует,
"ООО ""МВМ""",2.12.,30,соответствует,
"ООО ""МВМ""",2.14.,32,соответствует,
"ООО ""МВМ""",2.15.,3,соответствует,
"ООО ""МВМ""",2.16.1.,38,не соответствует,
"ООО ""МВМ""",2.16.2.,6,не соответствует,
"ООО ""МВМ""",2.16.3.,6,соответствует,
"ООО ""МВМ""",2.16.4.,6,соответствует,
"ООО ""МВМ""",2.17.1.,45,соответствует,
"ООО ""МВМ""",2.17.1.,32,соответствует,
"ООО ""МВМ""",2.17.2.,,иное,
"ООО ""МВМ""",2.17.2.,32,соответствует,
"ООО ""МВМ""",2.17.3.,32,соответствует,
"ООО ""МВМ""",2.18.,38,соответствует,
"ООО ""МВМ""",2.19.,4,соответствует,
"ООО ""МВМ""",3.1.1.,38,соответствует,
"ООО ""МВМ""",3.1.2.,38,соответствует,
"ООО ""МВМ""",3.1.3.,38,соответствует,
"ООО ""МВМ""",3.1.4.,38,соответствует,
"ООО ""МВМ""",3.2.1.,38,соответствует,
"ООО ""МВМ""",3.2.2.,38,соответствует,
"ООО ""МВМ""",3.2.3.,24,соответствует,
"ООО ""МВМ""",3.2.4.,41,соответствует,
"ООО ""МВМ""",3.2.4.1.,44,соответствует,
"ООО ""МВМ""",3.2.4.2.,24,соответствует,
"ООО ""МВМ""",3.3.,29,соответствует,
"ООО ""МВМ""",3.3.,24,соответствует,
"ООО ""МВМ""",3.41.,38,соответствует,
"ООО ""МВМ""",3.4.2.,38,соответствует,
"ООО ""МВМ""",3.4.3.,38,соответствует,
"ООО ""МВМ""",3.4.4.,6,соответствует,
"ООО ""МВМ""",3.5.1.,6,соответствует,
"ООО ""МВМ""",3.6.,38,соответствует,
"ООО ""МВМ""",3.7.,6,соответствует,
"ООО ""МВМ""",3.7.1.1.,41,соответствует,
"ООО ""МВМ""",3.7.1.2.,41,соответствует,
"ООО ""МВМ""",3.7.2.1.,41,соответствует,
"ООО ""МВМ""",3.7.2.2.,41,соответствует,
"ООО ""МВМ""",3.7.2.3.,41,соответствует,
"ООО ""МВМ""",3.8.,22,соответствует,
"ООО ""МВМ""",3.8.,5,соответствует,
"ООО ""МВМ""",4.1.,36,соответствует,
"ООО ""МВМ""",4.2.,36,соответствует,
"ООО ""МВМ""",4.3.1.,41,соответствует,
"ООО ""МВМ""",4.3.2.,41,соответствует,
"ООО ""МВМ""",4.3.3.,41,соответствует,
"ООО ""МВМ""",4.4.,5,соответствует,
"ООО ""МВМ""",4.4.1.,5,соответствует,
"ООО ""МВМ""",4.5.,5,соответствует,
"ООО ""МВМ""",5.1.,22,соответствует,
"ООО ""МВМ""",5.1.,38,соответствует,
"ООО ""МВМ""",5.2.,32,соответствует,
"ООО ""МВМ""",5.2.,42,соответствует,
"ООО ""Глас Трейд""",1.1.,22,соответствует,"Пригодна к анализу только формально, не является офертой в классическом понимании"
"ООО ""Глас Трейд""",1.2.,22,не соответствует,"Пригодна к анализу только формально, не является офертой в классическом понимании"
"ООО ""Глас Трейд""",1.3.,22,соответствует,"Пригодна к анализу только формально, не является офертой в классическом понимании"
"ООО ""Глас Трейд""",1.4.,22,соответствует,"Пригодна к анализу только формально, не является офертой в классическом понимании"
"ООО ""Орлис""",1.,3,соответствует,
"ООО ""Орлис""",2.1.,43,соответствует,
"ООО ""Орлис""",2.2.,31,не соответствует,
"ООО ""Орлис""",2.3.,30,соответствует,
"ООО ""Орлис""",2.4.,43,соответствует,
"ООО ""Орлис""",2.5.,37,соответствует,
"ООО ""Орлис""",2.6.,22,соответствует,
"ООО ""Орлис""",2.7.,5,соответствует,
"ООО ""Орлис""",2.8.,22,соответствует,
"ООО ""Орлис""",2.9.,1,соответствует,
"ООО ""Орлис""",2.10.,3,соответствует,
"ООО ""Орлис""",2.11.,30,соответствует,
"ООО ""Орлис""",2.12.,4,не соответствует,
"ООО ""Орлис""",2.14.,32,соответствует,
"ООО ""Орлис""",2.15.,3,соответствует,
"ООО ""Орлис""",2.16.,38,соответствует,
"ООО ""Орлис""",2.16.1.,15,соответствует,
"ООО ""Орлис""",2.16.2.,6,соответствует,
"ООО ""Орлис""",2.16.3.,6,соответствует,
"ООО ""Орлис""",2.16.4.,6,соответствует,
"ООО ""Орлис""",2.17.1.,45,соответствует,
"ООО ""Орлис""",2.17.1.,32,соответствует,
"ООО ""Орлис""",2.17.1.,45,соответствует,
"ООО ""Орлис""",2.17.2.,1,соответствует,
"ООО ""Орлис""",2.17.2.,32,соответствует,
"ООО ""Орлис""",2.17.3.,32,соответствует,
"ООО ""Орлис""",2.19.,4,соответствует,
"ООО ""Орлис""",3.1.1.,38,соответствует,
"ООО ""Орлис""",3.1.2.,24,соответствует,
"ООО ""Орлис""",3.1.3.,41,соответствует,
"ООО ""Орлис""",3.1.4.,5,соответствует,
"ООО ""Орлис""",3.2.,41,соответствует,
"ООО ""Орлис""",3.3.,38,соответствует,
"ООО ""Орлис""",3.4.1.,6,соответствует,
"ООО ""Орлис""",3.5.,38,соответствует,
"ООО ""Орлис""",3.5.,15,соответствует,
"ООО ""Орлис""",4.1.,35,соответствует,
"ООО ""Орлис""",4.2.,36,соответствует,
"ООО ""Орлис""",4.3.1.,41,соответствует,
"ООО ""Орлис""",4.3.2.,41,соответствует,
"ООО ""Орлис""",4.3.3.,41,соответствует,
"ООО ""Орлис""",4.4.,5,не соответствует,
"ООО ""Орлис""",4.5.,5,соответствует,
"ООО ""Орлис""",5.1.,38,соответствует,
"ООО ""Орлис""",5.2.,38,соответствует,
"ООО ""Орлис""",5.2.,32,соответствует,
"ООО ""Орлис""",5.3.,42,соответствует,
"ООО ""ТВОЕ""",1.1.,1,соответствует,
"ООО ""ТВОЕ""",1.2.,5,соответствует,
"ООО ""ТВОЕ""",1.3.,36,соответствует,
"ООО ""ТВОЕ""",1.4.,43,соответствует,
"ООО ""ТВОЕ""",1.5.,5,соответствует,
"ООО ""ТВОЕ""",2.1.,37,соответствует,
"ООО ""ТВОЕ""",2.2.,41,соответствует,
"ООО ""ТВОЕ""",2.3.,41,не соответствует,
"ООО ""ТВОЕ""",2.4.,35,соответствует,
"ООО ""ТВОЕ""",2.4.,38,не соответствует,
"ООО ""ТВОЕ""",2.5.,15,не соответствует,
"ООО ""ТВОЕ""",2.6.,38,соответствует,
"ООО ""ТВОЕ""",2.7.,38,соответствует,
"ООО ""ТВОЕ""",2.8.,36,соответствует,
"ООО ""ТВОЕ""",2.9.,37,не соответствует,
"ООО ""ТВОЕ""",3.1.,20,не соответствует,
"ООО ""ТВОЕ""",3.2.,20,соответствует,
"ООО ""ТВОЕ""",3.3.,38,не соответствует,
"ООО ""ТВОЕ""",4.1.,25,соответствует,
"ООО ""ТВОЕ""",4.2.,25,соответствует,
"ООО ""ТВОЕ""",4.2.,1,соответствует,
"ООО ""ТВОЕ""",4.3.,3,соответствует,
"ООО ""ТВОЕ""",4.4.,5,соответствует,
"ООО ""ТВОЕ""",4.5.,38,иное,
"ООО ""ТВОЕ""",4.6.,38,соответствует,
"ООО ""ТВОЕ""",5.1.,6,соответствует,
"ООО ""ТВОЕ""",5.2.,38,не соответствует,
"ООО ""ТВОЕ""",5.3.,15,соответствует,
"ООО ""Алькор и КО""",1.1.,2,соответствует,
"ООО ""Алькор и КО""",1.2.,43,соответствует,
"ООО ""Алькор и КО""",1.3.,20,соответствует,
"ООО ""Алькор и КО""",1.4.,43,соответствует,
"ООО ""Алькор и КО""",1.4.,32,соответствует,
"ООО ""Алькор и КО""",2.1.,1,соответствует,
"ООО ""Алькор и КО""",3.1.,38,соответствует,
"ООО ""Алькор и КО""",3.2.,28,соответствует,
"ООО ""Алькор и КО""",3.3.,32,соответствует,
"ООО ""Алькор и КО""",3.4.,32,соответствует,
"ООО ""Алькор и КО""",3.5.,32,соответствует,
"ООО ""Алькор и КО""",4.1.,36,соответствует,
"ООО ""Алькор и КО""",4.1.,34,соответствует,
"ООО ""Алькор и КО""",4.2.,36,соответствует,
"ООО ""Алькор и КО""",4.3.,15,соответствует,
"ООО ""Алькор и КО""",4.4.,38,соответствует,
"ООО ""Алькор и КО""",4.5.,1,соответствует,
"ООО ""Алькор и КО""",4.6.,38,соответствует,
"ООО ""Алькор и КО""",4.7.,38,соответствует,
"ООО ""Алькор и КО""",5.1.,24,соответствует,
"ООО ""Алькор и КО""",5.2.,24,соответствует,
"ООО ""Алькор и КО""",5.3.,45,соответствует,
"ООО ""Алькор и КО""",5.4.,25,соответствует,
"ООО ""Алькор и КО""",5.5.,40,соответствует,
"ООО ""Алькор и КО""",5.6.,20,соответствует,
"ООО ""Алькор и КО""",5.7.,24,соответствует,
"ООО ""Алькор и КО""",5.8.,29,соответствует,
"ООО ""Алькор и КО""",5.8.,6,соответствует,
"ООО ""Алькор и КО""",5.8.,24,соответствует,
"ООО ""Алькор и КО""",5.9.,29,соответствует,
"ООО ""Алькор и КО""",5.10.,29,соответствует,
"ООО ""Алькор и КО""",5.11.,29,соответствует,
"ООО ""Алькор и КО""",5.12.,33,соответствует,
"ООО ""Алькор и КО""",5.13.,38,соответствует,
"ООО ""Алькор и КО""",5.14.,1,соответствует,
"ООО ""Алькор и КО""",6.1.,35,не соответствует,
"ООО ""Алькор и КО""",6.2.,41,соответствует,
"ООО ""Алькор и КО""",6.3.,36,соответствует,
"ООО ""Алькор и КО""",6.4.,41,соответствует,
"ООО ""Алькор и КО""",6.41.,23,соответствует,
"ООО ""Алькор и КО""",6.42.,23,соответствует,
"ООО ""Алькор и КО""",6.5.,37,соответствует,
"ООО ""Алькор и КО""",7.11.,18,соответствует,
"ООО ""Алькор и КО""",7.2.1.,10,соответствует,
"ООО ""Алькор и КО""",7.2.2.,26,соответствует,
"ООО ""Алькор и КО""",7.2.3.,10,не соответствует,
"ООО ""Алькор и КО""",7.2.4.,10,соответствует,
"ООО ""Алькор и КО""",7.2.5.,15,не соответствует,
"ООО ""Алькор и КО""",7.3.,15,соответствует,
"ООО ""Алькор и КО""",8.1.,45,соответствует,
"ООО ""Алькор и КО""",9.1.,21,соответствует,
"ООО ""Алькор и КО""",9.2.,32,соответствует,
"ООО ""Алькор и КО""",9.3.,32,соответствует,
"ООО ""Алькор и КО""",9.4.,32,соответствует,
"ООО ""Алькор и КО""",9.4.1.,22,соответствует,
"ООО ""Алькор и КО""",9.5.,22,соответствует,
"ООО ""Алькор и КО""",9.6.,22,соответствует,
"ООО ""Алькор и КО""",10.1.,39,соответствует,
"ООО ""Алькор и КО""",10.2.,22,соответствует,
"ООО ""Алькор и КО""",10.3.,31,соответствует,
"ООО ""Алькор и КО""",10.4.,46,соответствует,
"ООО ""Алькор и КО""",10.4.,47,не соответствует,
"ООО ""Алькор и КО""",10.4.,48,соответствует,
"ООО ""Алькор и КО""",10.5.,49,соответствует,
"ООО ""Умный ритейл""",1.,3,соответствует,
"ООО ""Умный ритейл""",2.1.,1,соответствует,
"ООО ""Умный ритейл""",2.2.,43,соответствует,
"ООО ""Умный ритейл""",2.3.,2,соответствует,
"ООО ""Умный ритейл""",2.4.,39,соответствует,
"ООО ""Умный ритейл""",2.5.,41,соответствует,
"ООО ""Умный ритейл""",2.6.,3,соответствует,
"ООО ""Умный ритейл""",2.7.,3,соответствует,
"ООО ""Умный ритейл""",2.8.,43,соответствует,
"ООО ""Умный ритейл""",2.9.,43,соответствует,
"ООО ""Умный ритейл""",2.10.,30,соответствует,
"ООО ""Умный ритейл""",2.11.,39,соответствует,
"ООО ""Умный ритейл""",2.12.,36,соответствует,
"ООО ""Умный ритейл""",2.13.,31,соответствует,
"ООО ""Умный ритейл""",3.1.,2,соответствует,
"ООО ""Умный ритейл""",3.2.,19,соответствует,
"ООО ""Умный ритейл""",3.3.,3,соответствует,
"ООО ""Умный ритейл""",3.4.,34,соответствует,
"ООО ""Умный ритейл""",3.5.,33,соответствует,
"ООО ""Умный ритейл""",3.6.,38,соответствует,
"ООО ""Умный ритейл""",3.7.,38,соответствует,
"ООО ""Умный ритейл""",3.8.,15,не соответствует,
"ООО ""Умный ритейл""",3.9.,32,соответствует,
"ООО ""Умный ритейл""",3.10.,43,соответствует,
"ООО ""Умный ритейл""",3.11.,5,соответствует,
"ООО ""Умный ритейл""",4.1.,35,соответствует,
"ООО ""Умный ритейл""",4.2.,15,соответствует,
"ООО ""Умный ритейл""",4.3.,38,соответствует,
"ООО ""Умный ритейл""",4.4.,38,соответствует,
"ООО ""Умный ритейл""",4.5.,38,соответствует,
"ООО ""Умный ритейл""",4.6.,20,соответствует,
"ООО ""Умный ритейл""",4.7.,41,соответствует,
"ООО ""Умный ритейл""",4.8.,37,соответствует,
"ООО ""Умный ритейл""",4.9.,37,соответствует,
"ООО ""Умный ритейл""",4.10.,37,соответствует,
"ООО ""Умный ритейл""",4.11.,5,соответствует,
"ООО ""Умный ритейл""",4.12.,27,соответствует,
"ООО ""Умный ритейл""",5.1.,41,соответствует,
"ООО ""Умный ритейл""",5.2.,41,соответствует,
"ООО ""Умный ритейл""",5.3.,42,соответствует,
"ООО ""Умный ритейл""",5.4.,41,соответствует,
"ООО ""Умный ритейл""",5.5.,41,соответствует,
"ООО ""Умный ритейл""",5.6.,41,соответствует,
"ООО ""Умный ритейл""",5.7.,38,соответствует,
"ООО ""Умный ритейл""",5.8.,41,соответствует,
"ООО ""Умный ритейл""",5.9.,20,соответствует,
"ООО ""Умный ритейл""",5.10.,38,соответствует,
"ООО ""Умный ритейл""",6.1.,24,соответствует,
"ООО ""Умный ритейл""",6.1.1.,24,соответствует,
"ООО ""Умный ритейл""",6.2.,24,соответствует,
"ООО ""Умный ритейл""",6.3.,25,соответствует,
"ООО ""Умный ритейл""",6.4.,40,соответствует,
"ООО ""Умный ритейл""",6.5.,45,соответствует,
"ООО ""Умный ритейл""",6.6.,20,соответствует,
"ООО ""Умный ритейл""",6.7.,26,соответствует,
"ООО ""Умный ритейл""",6.8.,26,соответствует,
"ООО ""Умный ритейл""",7.1.,6,не соответствует,
"ООО ""Умный ритейл""",7.2.,6,соответствует,
"ООО ""Умный ритейл""",7.3.,6,соответствует,
"ООО ""Умный ритейл""",7.4.,4,соответствует,
"ООО ""Умный ритейл""",7.5.,6,соответствует,
"ООО ""Умный ритейл""",7.6.1.,6,соответствует,
"ООО ""Умный ритейл""",7.6.2.,6,соответствует,
"ООО ""Умный ритейл""",7.6.3.,6,соответствует,
"ООО ""Умный ритейл""",7.7.,6,соответствует,
"ООО ""Умный ритейл""",7.8.,10,соответствует,
"ООО ""Умный ритейл""",7.8.,15,соответствует,
"ООО ""Умный ритейл""",7.9.,15,соответствует,
"ООО ""Умный ритейл""",7.10.,15,не соответствует,
"ООО ""Умный ритейл""",7.11.,15,соответствует,
"ООО ""Умный ритейл""",7.12.,15,соответствует,
"ООО ""Умный ритейл""",8.1.,32,соответствует,
"ООО ""Умный ритейл""",8.2.,42,соответствует,
"ООО ""Умный ритейл""",8.4.,42,соответствует,
"ООО ""Умный ритейл""",8.5.,42,соответствует,
"ООО ""Умный ритейл""",8.6.,42,соответствует,
"ООО ""Умный ритейл""",8.7.,42,соответствует,
"ООО ""Умный ритейл""",9.1.,45,соответствует,
"ООО ""Умный ритейл""",10.1.,31,соответствует,
"ООО ""Умный ритейл""",10.2.,49,соответствует,
"ООО ""Умный ритейл""",10.3.,4,соответствует,
"АО ""Мэлон Фешн груп""",1.1.,2,соответствует,
"АО ""Мэлон Фешн груп""",1.2.,2,соответствует,
"АО ""Мэлон Фешн груп""",1.3.,2,соответствует,
"АО ""Мэлон Фешн груп""",1.4.,25,соответствует,
"АО ""Мэлон Фешн груп""",1.5.,25,соответствует,
"АО ""Мэлон Фешн груп""",1.6.,33,не соответствует,
"АО ""Мэлон Фешн груп""",1.7.,43,соответствует,
"АО ""Мэлон Фешн груп""",1.8.,37,соответствует,
"АО ""Мэлон Фешн груп""",1.9.,39,соответствует,
"АО ""Мэлон Фешн груп""",1.10.,22,соответствует,
"АО ""Мэлон Фешн груп""",1.11.,22,соответствует,
"АО ""Мэлон Фешн груп""",2.1.,20,соответствует,
"АО ""Мэлон Фешн груп""",2.2.,30,соответствует,
"АО ""Мэлон Фешн груп""",2.3.,31,соответствует,
"АО ""Мэлон Фешн груп""",2.4.,43,соответствует,
"АО ""Мэлон Фешн груп""",2.5.,35,соответствует,
"АО ""Мэлон Фешн груп""",2.6.,33,соответствует,
"АО ""Мэлон Фешн груп""",2.7.,33,соответствует,
"АО ""Мэлон Фешн груп""",3.1.,38,соответствует,
"АО ""Мэлон Фешн груп""",3.2.,32,соответствует,
"АО ""Мэлон Фешн груп""",3.3.,32,соответствует,
"АО ""Мэлон Фешн груп""",4.1.,38,соответствует,
"АО ""Мэлон Фешн груп""",4.2.,38,соответствует,
"АО ""Мэлон Фешн груп""",4.3.,38,соответствует,
"АО ""Мэлон Фешн груп""",4.4.,36,соответствует,
"АО ""Мэлон Фешн груп""",4.5.,15,соответствует,
"АО ""Мэлон Фешн груп""",4.6.,38,соответствует,
"АО ""Мэлон Фешн груп""",5.1.,24,соответствует,
"АО ""Мэлон Фешн груп""",5.2.,24,соответствует,
"АО ""Мэлон Фешн груп""",5.3.,32,соответствует,
"АО ""Мэлон Фешн груп""",5.4.,25,соответствует,
"АО ""Мэлон Фешн груп""",5.5.,5,соответствует,
"АО ""Мэлон Фешн груп""",5.6.,26,соответствует,
"АО ""Мэлон Фешн груп""",5.7.,26,соответствует,
"АО ""Мэлон Фешн груп""",5.8.,24,соответствует,
"АО ""Мэлон Фешн груп""",5.9.,20,не соответствует,
"АО ""Мэлон Фешн груп""",6.1.,35,соответствует,
"АО ""Мэлон Фешн груп""",6.2.,41,соответствует,
"АО ""Мэлон Фешн груп""",6.3.,37,соответствует,
"АО ""Мэлон Фешн груп""",7.1.,6,соответствует,
"АО ""Мэлон Фешн груп""",7.2.1.,6,соответствует,
"АО ""Мэлон Фешн груп""",7.2.2.,15,соответствует,
"АО ""Мэлон Фешн груп""",7.3.1.,6,соответствует,
"АО ""Мэлон Фешн груп""",7.3.2.,6,не соответствует,
"АО ""Мэлон Фешн груп""",7.3.3.,15,соответствует,
"АО ""Мэлон Фешн груп""",7.4.,15,соответствует,
"АО ""Мэлон Фешн груп""",8.1.,32,соответствует,
"АО ""Мэлон Фешн груп""",8.2.,42,соответствует,
"АО ""Мэлон Фешн груп""",8.3.,42,соответствует,
"АО ""Мэлон Фешн груп""",8.4.,42,соответствует,
"АО ""Мэлон Фешн груп""",8.5.,42,соответствует,
"АО ""Мэлон Фешн груп""",9.1.,22,соответствует,
"АО ""Мэлон Фешн груп""",9.2.,22,соответствует,
"АО ""Мэлон Фешн груп""",9.3.,22,соответствует,
"АО ""Мэлон Фешн груп""",9.4.,22,соответствует,
"АО ""Мэлон Фешн груп""",9.5.,22,соответствует,
"АО ""Мэлон Фешн груп""",9.6.,22,соответствует,
"АО ""Мэлон Фешн груп""",9.7.,22,соответствует,
"АО ""Мэлон Фешн груп""",9.8.,22,соответствует,
"АО ""Мэлон Фешн груп""",9.9.,22,соответствует,
"АО ""Мэлон Фешн груп""",9.10.,22,соответствует,
"АО ""Мэлон Фешн груп""",9.11.,22,соответствует,
"АО ""Мэлон Фешн груп""",9.12.,22,соответствует,
"АО ""Мэлон Фешн груп""",9.13.,22,соответствует,
"АО ""Мэлон Фешн груп""",10.1.,31,соответствует,
"АО ""Мэлон Фешн груп""",10.2.,49,соответствует,
"АО ""Мэлон Фешн груп""",10.3.,31,соответствует,
"ООО ""Стиль Трейд""",1.1.,38,соответствует,
"ООО ""Стиль Трейд""",1.2.,43,соответствует,
"ООО ""Стиль Трейд""",1.3.,38,соответствует,
"ООО ""Стиль Трейд""",1.4.,38,соответствует,
"ООО ""Стиль Трейд""",1.4.1.,38,соответствует,
"ООО ""Стиль Трейд""",1.5.,32,соответствует,
"ООО ""Стиль Трейд""",1.6.,1,соответствует,
"ООО ""Стиль Трейд""",1.7.,32,соответствует,
"ООО ""Стиль Трейд""",1.8.,22,соответствует,
"ООО ""Стиль Трейд""",1.9.,42,соответствует,
"ООО ""Стиль Трейд""",1.10.,2,соответствует,
"ООО ""Стиль Трейд""",1.11.,22,соответствует,
"ООО ""Стиль Трейд""",1.12.,24,соответствует,
"ООО ""Стиль Трейд""",1.13.,33,не соответствует,
"ООО ""Стиль Трейд""",1.14.,37,соответствует,
"ООО ""Стиль Трейд""",1.15.,4,соответствует,
"ООО ""Стиль Трейд""",2.1.,43,соответствует,
"ООО ""Стиль Трейд""",2.2.,43,соответствует,
"ООО ""Стиль Трейд""",2.3.,43,соответствует,
"ООО ""Стиль Трейд""",2.4.,45,соответствует,
"ООО ""Стиль Трейд""",2.5.,20,соответствует,
"ООО ""Стиль Трейд""",2.6.,33,соответствует,
"ООО ""Стиль Трейд""",2.7.,30,соответствует,
"ООО ""Стиль Трейд""",2.8.,43,соответствует,
"ООО ""Стиль Трейд""",2.9.,43,соответствует,
"ООО ""Стиль Трейд""",2.10,43,соответствует,
"ООО ""Стиль Трейд""",2.11,1,соответствует,
"ООО ""Стиль Трейд""",3.0.,38,соответствует,
"ООО ""Стиль Трейд""",3.1.,38,соответствует,
"ООО ""Стиль Трейд""",3.2.,38,соответствует,
"ООО ""Стиль Трейд""",3.3.,38,соответствует,
"ООО ""Стиль Трейд""",3.4.,38,соответствует,
"ООО ""Стиль Трейд""",3.4.1.,32,соответствует,
"ООО ""Стиль Трейд""",3.4.2.,38,соответствует,
"ООО ""Стиль Трейд""",3.5.,38,соответствует,
"ООО ""Стиль Трейд""",3.6.,38,соответствует,
"ООО ""Стиль Трейд""",3.7.,38,соответствует,
"ООО ""Стиль Трейд""",4.1.,,иное,
"ООО ""Стиль Трейд""",4.2.,32,соответствует,
"ООО ""Стиль Трейд""",4.3.,32,соответствует,
"ООО ""Стиль Трейд""",4.4.,32,соответствует,
"ООО ""Стиль Трейд""",4.5.,24,соответствует,
"ООО ""Стиль Трейд""",4.6.,24,соответствует,
"ООО ""Стиль Трейд""",4.7.1.,3,соответствует,
"ООО ""Стиль Трейд""",4.7.2.,3,соответствует,
"ООО ""Стиль Трейд""",4.8.1.,38,соответствует,
"ООО ""Стиль Трейд""",4.8.2.,38,соответствует,
"ООО ""Стиль Трейд""",4.8.3.,38,соответствует,
"ООО ""Стиль Трейд""",4.8.4.,38,соответствует,
"ООО ""Стиль Трейд""",4.8.5.,38,соответствует,
"ООО ""Стиль Трейд""",4.9.,15,не соответствует,
"ООО ""Стиль Трейд""",4.10.,24,соответствует,
"ООО ""Стиль Трейд""",4.11.,39,соответствует,
"ООО ""Стиль Трейд""",4.12.,24,соответствует,
"ООО ""Стиль Трейд""",4.13.,34,соответствует,
"ООО ""Стиль Трейд""",4.13.1.,4,соответствует,
"ООО ""Стиль Трейд""",4.13.2.,4,соответствует,
"ООО ""Стиль Трейд""",4.14.,36,соответствует,
"ООО ""Стиль Трейд""",4.15.,1,соответствует,
"ООО ""Стиль Трейд""",5.1.,24,соответствует,
"ООО ""Стиль Трейд""",5.2.,24,соответствует,
"ООО ""Стиль Трейд""",5.4.,45,соответствует,
"ООО ""Стиль Трейд""",5.5.,24,соответствует,
"ООО ""Стиль Трейд""",5.6.,25,соответствует,
"ООО ""Стиль Трейд""",5.7.,40,соответствует,
"ООО ""Стиль Трейд""",5.8.,29,соответствует,
"ООО ""Стиль Трейд""",5.9.,24,соответствует,
"ООО ""Стиль Трейд""",5.10.,6,соответствует,
"ООО ""Стиль Трейд""",5.11.,24,соответствует,
"ООО ""Стиль Трейд""",6.1.,35,соответствует,
"ООО ""Стиль Трейд""",6.2.,15,соответствует,
"ООО ""Стиль Трейд""",6.3.,35,соответствует,
"ООО ""Стиль Трейд""",6.4.,41,соответствует,
"ООО ""Стиль Трейд""",6.5.1.,23,соответствует,
"ООО ""Стиль Трейд""",6.5.2.,23,соответствует,
"ООО ""Стиль Трейд""",6.5.3.,23,соответствует,
"ООО ""Стиль Трейд""",6.5.4.,41,соответствует,
"ООО ""Стиль Трейд""",6.5.5.,41,соответствует,
"ООО ""Стиль Трейд""",6.5.6.,15,соответствует,
"ООО ""Стиль Трейд""",6.6.,27,соответствует,
"ООО ""Стиль Трейд""",7.1.,37,соответствует,
"ООО ""Стиль Трейд""",7.2.,37,соответствует,
"ООО ""Стиль Трейд""",7.3.,37,соответствует,
"ООО ""Стиль Трейд""",8.1.,6,соответствует,
"ООО ""Стиль Трейд""",8.2.1.,6,соответствует,
"ООО ""Стиль Трейд""",8.2.2.,6,соответствует,
"ООО ""Стиль Трейд""",8.3.1.,10,соответствует,
"ООО ""Стиль Трейд""",8.3.2.,6,соответствует,
"ООО ""Стиль Трейд""",8.3.3.,6,соответствует,
"ООО ""Стиль Трейд""",8.3.4.,6,не соответствует,
"ООО ""Стиль Трейд""",8.4.1.,15,соответствует,
"ООО ""Стиль Трейд""",8.4.2.,15,соответствует,
"ООО ""Стиль Трейд""",8.5.1.,12,соответствует,
"ООО ""Стиль Трейд""",8.5.2.,26,соответствует,
"ООО ""Стиль Трейд""",8.5.3.,13,соответствует,
"ООО ""Стиль Трейд""",8.5.4.,15,соответствует,
"ООО ""Стиль Трейд""",8.5.5.,15,соответствует,
"ООО ""Стиль Трейд""",8.6.,4,не соответствует,
"ООО ""Стиль Трейд""",8.7.,4,соответствует,
"ООО ""Стиль Трейд""",9.1.,3,соответствует,
"ООО ""Стиль Трейд""",9.1.2.,11,соответствует,
"ООО ""Стиль Трейд""",9.1.3.,6,соответствует,
"ООО ""Стиль Трейд""",9.2.,3,соответствует,
"ООО ""Стиль Трейд""",9.2.1.,4,соответствует,
"ООО ""Стиль Трейд""",10.1.,22,соответствует,
"ООО ""Стиль Трейд""",10.2.,22,соответствует,
"ООО ""Стиль Трейд""",11.1.,45,соответствует,
"ООО ""Стиль Трейд""",11.2.,22,соответствует,
"ООО ""Стиль Трейд""",11.3.,39,соответствует,
"ООО ""Стиль Трейд""",11.4.,,иное,
"ООО ""Стиль Трейд""",11.5.,45,соответствует,
"ООО ""Стиль Трейд""",11.6.,45,соответствует,
"ООО ""Стиль Трейд""",11.7.,45,соответствует,
"ООО ""Стиль Трейд""",11.8.,8,не соответствует,
"ООО ""Стиль Трейд""",11.9.,45,соответствует,
"ООО ""Стиль Трейд""",11.10.,45,соответствует,
"ООО ""Стиль Трейд""",11.11.,32,соответствует,
"ООО ""Стиль Трейд""",11.12.,45,соответствует,
"ООО ""Стиль Трейд""",11.13.,45,соответствует,
"ООО ""Стиль Трейд""",11.14.,49,соответствует,
"ООО ""Стиль Трейд""",12.1.,42,соответствует,
"ООО ""Стиль Трейд""",12.2.,42,соответствует,
"ООО ""Стиль Трейд""",12.3.,42,соответствует,
"ООО ""Стиль Трейд""",12.4.,42,соответствует,
"ООО ""Стиль Трейд""",12.5.,32,соответствует,
"ООО ""Стиль Трейд""",12.6.,32,соответствует,
"ООО ""Стиль Трейд""",12.7.,22,соответствует,
"ООО ""Стиль Трейд""",12.8.,42,соответствует,
"ООО ""Стиль Трейд""",12.9.,22,соответствует,
"ООО ""Стиль Трейд""",13.1.,37,соответствует,
"ООО ""Стиль Трейд""",13.2.,37,соответствует,
"ООО ""Стиль Трейд""",13.3.,37,соответствует,
"ООО ""Стиль Трейд""",13.4.,37,соответствует,
"ООО ""Стиль Трейд""",13.5.,37,соответствует,
"ООО ""Стиль Трейд""",14.1.,33,не соответствует,
"ООО ""Стиль Трейд""",14.2.,49,соответствует,
"ООО ""Бест Прайс""",1.1.,1,соответствует,
"ООО ""Бест Прайс""",1.2.,2,соответствует,
"ООО ""Бест Прайс""",1.3.,43,соответствует,
"ООО ""Бест Прайс""",1.4.,33,соответствует,
"ООО ""Бест Прайс""",1.5.,43,соответствует,
"ООО ""Бест Прайс""",2.1.,43,соответствует,
"ООО ""Бест Прайс""",2.2.,31,соответствует,
"ООО ""Бест Прайс""",2.3.,30,соответствует,
"ООО ""Бест Прайс""",2.4.,43,соответствует,
"ООО ""Бест Прайс""",2.5.,22,соответствует,
"ООО ""Бест Прайс""",2.6.,22,соответствует,
"ООО ""Бест Прайс""",2.7.,38,соответствует,
"ООО ""Бест Прайс""",2.8.,32,соответствует,
"ООО ""Бест Прайс""",3.1.,43,соответствует,
"ООО ""Бест Прайс""",4.1.,43,соответствует,
"ООО ""Бест Прайс""",4.2.,32,соответствует,
"ООО ""Бест Прайс""",4.3.,43,соответствует,
"ООО ""Бест Прайс""",4.5.,5,соответствует,
"ООО ""Бест Прайс""",4.6.,36,соответствует,
"ООО ""Бест Прайс""",4.7.,6,соответствует,
"ООО ""Бест Прайс""",4.8.,36,соответствует,
"ООО ""Бест Прайс""",4.9.,37,соответствует,
"ООО ""Бест Прайс""",5.1.,35,соответствует,
"ООО ""Бест Прайс""",5.2.,41,соответствует,
"ООО ""Бест Прайс""",5.3.,35,соответствует,
"ООО ""Бест Прайс""",5.4.,35,не соответствует,
"ООО ""Бест Прайс""",5.5.,35,соответствует,
"ООО ""Бест Прайс""",5.5.1.,41,соответствует,
"ООО ""Бест Прайс""",5.5.2.,41,соответствует,
"ООО ""Бест Прайс""",5.5.3.,41,соответствует,
"ООО ""Бест Прайс""",5.5.4.,41,соответствует,
"ООО ""Бест Прайс""",5.5.5.,15,соответствует,
"ООО ""Бест Прайс""",6.1.1.,24,соответствует,
"ООО ""Бест Прайс""",6.1.2.,25,соответствует,
"ООО ""Бест Прайс""",6.2.1.,24,соответствует,
"ООО ""Бест Прайс""",6.2.2.,45,соответствует,
"ООО ""Бест Прайс""",6.3.1.,24,соответствует,
"ООО ""Бест Прайс""",6.3.2.,24,соответствует,
"ООО ""Бест Прайс""",6.4.,25,соответствует,
"ООО ""Бест Прайс""",6.5.,40,соответствует,
"ООО ""Бест Прайс""",6.6.,29,соответствует,
"ООО ""Бест Прайс""",6.7.,4,не соответствует,
"ООО ""Бест Прайс""",7.1.,26,соответствует,
"ООО ""Бест Прайс""",7.2.1.,7,соответствует,
"ООО ""Бест Прайс""",7.3.1.,1,соответствует,
"ООО ""Бест Прайс""",7.3.2.,24,соответствует,
"ООО ""Бест Прайс""",7.3.3.,39,соответствует,
"ООО ""Бест Прайс""",7.3.4.,14,соответствует,
"ООО ""Бест Прайс""",7.3.5.,45,соответствует,
"ООО ""Бест Прайс""",7.3.6.,45,соответствует,
"ООО ""Бест Прайс""",7.3.7.,34,соответствует,
"ООО ""Бест Прайс""",8.1.1.,6,соответствует,
"ООО ""Бест Прайс""",8.1.2.,6,соответствует,
"ООО ""Бест Прайс""",8.1.3.,6,не соответствует,
"ООО ""Бест Прайс""",8.2.,6,соответствует,
"ООО ""Бест Прайс""",8.2.1.,6,соответствует,
"ООО ""Бест Прайс""",8.2.2.,15,соответствует,
"ООО ""Бест Прайс""",9.1.1.,6,соответствует,
"ООО ""Бест Прайс""",9.1.2.,6,соответствует,
"ООО ""Бест Прайс""",9.1.3.,6,соответствует,
"ООО ""Бест Прайс""",9.1.4.,15,соответствует,
"ООО ""Бест Прайс""",9.1.5.,6,соответствует,
"ООО ""Бест Прайс""",9.2.1.,17,соответствует,
"ООО ""Бест Прайс""",9.2.2.,17,соответствует,
"ООО ""Бест Прайс""",10.1.,6,соответствует,
"ООО ""Бест Прайс""",10.2.,15,соответствует,
"ООО ""Бест Прайс""",10.3.,15,соответствует,
"ООО ""Бест Прайс""",11.1.,33,соответствует,
"ООО ""Бест Прайс""",12.1.,45,соответствует,
"ООО ""Бест Прайс""",12.2.,45,соответствует,
"ООО ""Бест Прайс""",13.1.,31,не соответствует,
"ООО ""Бест Прайс""",13.2.,31,соответствует,
"ООО ""Бест Прайс""",13.3.,43,соответствует,
"ООО ""Бест Прайс""",13.4.,49,соответствует,
"ООО ""Бест Прайс""",13.5.,31,соответствует,
"ПАО ""Детский мир""",1.,2,соответствует,
"ПАО ""Детский мир""",1.,3,соответствует,
"ПАО ""Детский мир""",1.,38,соответствует,
"ПАО ""Детский мир""",2.1.,1,соответствует,
"ПАО ""Детский мир""",2.2.,1,соответствует,
"ПАО ""Детский мир""",2.3.,43,не соответствует,
"ПАО ""Детский мир""",2.4.,31,соответствует,
"ПАО ""Детский мир""",2.5.,30,соответствует,
"ПАО ""Детский мир""",2.6.,3,соответствует,
"ПАО ""Детский мир""",2.7.,22,соответствует,
"ПАО ""Детский мир""",3.1.,38,соответствует,
"ПАО ""Детский мир""",3.2.,32,соответствует,
"ПАО ""Детский мир""",3.3.,25,соответствует,
"ПАО ""Детский мир""",3.4.,42,соответствует,
"ПАО ""Детский мир""",4.1.,38,соответствует,
"ПАО ""Детский мир""",4.2.,38,соответствует,
"ПАО ""Детский мир""",4.3.,36,соответствует,
"ПАО ""Детский мир""",4.4.,38,соответствует,
"ПАО ""Детский мир""",4.5.,4,соответствует,
"ПАО ""Детский мир""",4.6.,41,соответствует,
"ПАО ""Детский мир""",5.1.,24,соответствует,
"ПАО ""Детский мир""",5.2.,45,соответствует,
"ПАО ""Детский мир""",5.3.,24,соответствует,
"ПАО ""Детский мир""",5.4.,24,соответствует,
"ПАО ""Детский мир""",5.5.,25,соответствует,
"ПАО ""Детский мир""",5.6.,40,соответствует,
"ПАО ""Детский мир""",5.7.,26,соответствует,
"ПАО ""Детский мир""",5.8.,3,соответствует,
"ПАО ""Детский мир""",5.9.,4,не соответствует,
"ПАО ""Детский мир""",5.10.,6,соответствует,
"ПАО ""Детский мир""",6.1.,35,соответствует,
"ПАО ""Детский мир""",6.2.,35,соответствует,
"ПАО ""Детский мир""",6.3.,36,соответствует,
"ПАО ""Детский мир""",6.4.,41,соответствует,
"ПАО ""Детский мир""",6.5.,5,соответствует,
"ПАО ""Детский мир""",6.6.,41,соответствует,
"ПАО ""Детский мир""",6.7.,5,соответствует,
"ПАО ""Детский мир""",6.8.,25,не соответствует,
"ПАО ""Детский мир""",7.1.,6,соответствует,
"ПАО ""Детский мир""",7.1.,15,соответствует,
"ПАО ""Детский мир""",7.2.,28,соответствует,
"ПАО ""Детский мир""",7.3.,6,соответствует,
"ПАО ""Детский мир""",7.4.,6,соответствует,
"ПАО ""Детский мир""",7.5.,6,не соответствует,
"ПАО ""Детский мир""",7.5.1.,6,соответствует,
"ПАО ""Детский мир""",7.6.,17,соответствует,
"ПАО ""Детский мир""",7.7.,38,соответствует,
"ПАО ""Детский мир""",8.1.,45,соответствует,
"ПАО ""Детский мир""",8.2.,45,соответствует,
"ПАО ""Детский мир""",8.3.,31,соответствует,
"ПАО ""Детский мир""",9.1.1.,32,соответствует,
"ПАО ""Детский мир""",9.2.1.,32,соответствует,
"ПАО ""Детский мир""",9.2.2.,38,соответствует,
"ПАО ""Детский мир""",9.2.3.,22,соответствует,
"ПАО ""Детский мир""",9.3.1.,42,соответствует,
"ПАО ""Детский мир""",9.3.2.,42,соответствует,
"ПАО ""Детский мир""",9.4.,43,соответствует,
"ПАО ""Детский мир""",9.5.,22,соответствует,
"ПАО ""Детский мир""",9.6.,22,соответствует,
"ПАО ""Детский мир""",9.7.,22,соответствует,
"АО ""Глория Джинс""",1.,1,соответствует,
"АО ""Глория Джинс""",1.,2,соответствует,
"АО ""Глория Джинс""",1.,3,соответствует,
"АО ""Глория Джинс""",2.1.,1,соответствует,
"АО ""Глория Джинс""",2.2.,1,соответствует,
"АО ""Глория Джинс""",2.3.,20,соответствует,
"АО ""Глория Джинс""",2.4.,31,соответствует,
"АО ""Глория Джинс""",2.5.,31,соответствует,
"АО ""Глория Джинс""",2.6.,1,соответствует,
"АО ""Глория Джинс""",2.7.,32,соответствует,
"АО ""Глория Джинс""",3.1.,32,соответствует,
"АО ""Глория Джинс""",3.2.,33,не соответствует,
"АО ""Глория Джинс""",3.3.,34,соответствует,
"АО ""Глория Джинс""",3.4.,3,соответствует,
"АО ""Глория Джинс""",3.5.,3,соответствует,
"АО ""Глория Джинс""",3.6.,36,соответствует,
"АО ""Глория Джинс""",3.7.,35,соответствует,
"АО ""Глория Джинс""",3.8.,37,соответствует,
"АО ""Глория Джинс""",3.9.,3,соответствует,
"АО ""Глория Джинс""",3.10.,38,соответствует,
"АО ""Глория Джинс""",3.11.,38,соответствует,
"АО ""Глория Джинс""",3.12.,38,соответствует,
"АО ""Глория Джинс""",3.13.,32,соответствует,
"АО ""Глория Джинс""",3.14.,42,соответствует,
"АО ""Глория Джинс""",3.15.,38,соответствует,
"АО ""Глория Джинс""",3.16.,38,соответствует,
"АО ""Глория Джинс""",3.17.,38,соответствует,
"АО ""Глория Джинс""",3.18.,36,соответствует,
"АО ""Глория Джинс""",4.1.,24,соответствует,
"АО ""Глория Джинс""",4.2.,24,соответствует,
"АО ""Глория Джинс""",4.3.,24,соответствует,
"АО ""Глория Джинс""",4.4.,39,соответствует,
"АО ""Глория Джинс""",4.5.,25,соответствует,
"АО ""Глория Джинс""",4.6.,25,соответствует,
"АО ""Глория Джинс""",4.7.,40,не соответствует,
"АО ""Глория Джинс""",4.8.,20,соответствует,
"АО ""Глория Джинс""",4.9.,24,соответствует,
"АО ""Глория Джинс""",5.1.,41,соответствует,
"АО ""Глория Джинс""",6.1.,6,соответствует,
"АО ""Глория Джинс""",6.2.,6,соответствует,
"АО ""Глория Джинс""",6.3.,26,соответствует,
"АО ""Глория Джинс""",6.4.,15,не соответствует,
"АО ""Глория Джинс""",6.5.,6,соответствует,
"АО ""Глория Джинс""",7.1.,22,соответствует,
"АО ""Глория Джинс""",7.2.,42,соответствует,
"АО ""Глория Джинс""",7.3.,42,соответствует,
"АО ""Глория Джинс""",7.4.,32,соответствует,
"АО ""Глория Джинс""",7.5.,22,соответствует,
"АО ""Глория Джинс""",7.6.,22,соответствует,
"АО ""Глория Джинс""",7.7.,22,соответствует,
"АО ""Глория Джинс""",7.8.,22,соответствует,
"АО ""Глория Джинс""",8.1.,20,соответствует,
"АО ""Глория Джинс""",9.1.,39,соответствует,
"АО ""Глория Джинс""",9.2.,38,соответствует,
"АО ""Глория Джинс""",9.3.,31,соответствует,
"АО ""Глория Джинс""",9.4.,4,соответствует,
"АО ""Глория Джинс""",9.5.,46,не соответствует,
"АО ""Глория Джинс""",9.6.,49,соответствует,
"ИП Щербаков, магазин товаров для рыбалки",1.1.,1,соответствует,
"ИП Щербаков, магазин товаров для рыбалки",1.2.,43,соответствует,
"ИП Щербаков, магазин товаров для рыбалки",1.3.,43,соответствует,
"ИП Щербаков, магазин товаров для рыбалки",1.4.,20,соответствует,
"ИП Щербаков, магазин товаров для рыбалки",2.1.,43,соответствует,
"ИП Щербаков, магазин товаров для рыбалки",2.2.,1,соответствует,
"ИП Щербаков, магазин товаров для рыбалки",3.1.,38,соответствует,
"ИП Щербаков, магазин товаров для рыбалки",3.2.,38,соответствует,
"ИП Щербаков, магазин товаров для рыбалки",3.3.,38,соответствует,
"ИП Щербаков, магазин товаров для рыбалки",3.4.,32,соответствует,
"ИП Щербаков, магазин товаров для рыбалки",3.5.,32,не соответствует,
"ИП Щербаков, магазин товаров для рыбалки",3.6.,32,соответствует,
"ИП Щербаков, магазин товаров для рыбалки",3.7.,32,соответствует,
"ИП Щербаков, магазин товаров для рыбалки",3.8.,5,соответствует,
"ИП Щербаков, магазин товаров для рыбалки",3.9.,34,соответствует,
"ИП Щербаков, магазин товаров для рыбалки",4.1.,41,соответствует,
"ИП Щербаков, магазин товаров для рыбалки",4.2.,36,соответствует,
"ИП Щербаков, магазин товаров для рыбалки",4.3.,20,соответствует,
"ИП Щербаков, магазин товаров для рыбалки",4.4.,32,соответствует,
"ИП Щербаков, магазин товаров для рыбалки",4.5.,24,соответствует,
"ИП Щербаков, магазин товаров для рыбалки",5.1.,41,соответствует,
"ИП Щербаков, магазин товаров для рыбалки",5.2.,35,соответствует,
"ИП Щербаков, магазин товаров для рыбалки",5.3.,24,соответствует,
"ИП Щербаков, магазин товаров для рыбалки",5.4.,41,соответствует,
"ИП Щербаков, магазин товаров для рыбалки",5.5.1.,23,соответствует,
"ИП Щербаков, магазин товаров для рыбалки",5.5.2.,23,соответствует,
"ИП Щербаков, магазин товаров для рыбалки",5.5.3.,40,соответствует,
"ИП Щербаков, магазин товаров для рыбалки",6.1.,20,соответствует,
"ИП Щербаков, магазин товаров для рыбалки",6.2.,24,соответствует,
"ИП Щербаков, магазин товаров для рыбалки",6.3.,45,соответствует,
"ИП Щербаков, магазин товаров для рыбалки",6.4.,25,соответствует,
"ИП Щербаков, магазин товаров для рыбалки",6.5.,40,соответствует,
"ИП Щербаков, магазин товаров для рыбалки",6.6.,20,не соответствует,
"ИП Щербаков, магазин товаров для рыбалки",6.7.,24,соответствует,
"ИП Щербаков, магазин товаров для рыбалки",7.1.1.,6,соответствует,
"ИП Щербаков, магазин товаров для рыбалки",7.1.2.,15,соответствует,
"ИП Щербаков, магазин товаров для рыбалки",7.1.3.,6,соответствует,
"ИП Щербаков, магазин товаров для рыбалки",7.2.1.,17,соответствует,
"ИП Щербаков, магазин товаров для рыбалки",7.2.2.,26,не соответствует,
"ИП Щербаков, магазин товаров для рыбалки",7.2.3.,4,не соответствует ,
"ИП Щербаков, магазин товаров для рыбалки",7.2.4.,17,соответствует,
"ИП Щербаков, магазин товаров для рыбалки",7.2.5.,15,соответствует,
"ИП Щербаков, магазин товаров для рыбалки",7.2.6.,15,соответствует,
"ИП Щербаков, магазин товаров для рыбалки",7.3.,15,соответствует,
"ИП Щербаков, магазин товаров для рыбалки",7.4.,4,соответствует,
"ИП Щербаков, магазин товаров для рыбалки",8.1.,22,соответствует,
"ИП Щербаков, магазин товаров для рыбалки",9.1.,45,соответствует,
"ИП Щербаков, магазин товаров для рыбалки",9.2.,39,соответствует,
"ИП Щербаков, магазин товаров для рыбалки",9.3.,22,соответствует,
"ИП Щербаков, магазин товаров для рыбалки",9.4.,20,соответствует,
"ИП Щербаков, магазин товаров для рыбалки",9.5.,4,соответствует,
"ИП Щербаков, магазин товаров для рыбалки",10.1.,42,не соответствует,
"ИП Щербаков, магазин товаров для рыбалки",10.2.,32,соответствует,
"ИП Щербаков, магазин товаров для рыбалки",10.3.,32,соответствует,
"ИП Щербаков, магазин товаров для рыбалки",10.4.,41,соответствует,
"ИП Щербаков, магазин товаров для рыбалки",10.5.,22,соответствует,
"ИП Щербаков, магазин товаров для рыбалки",10.6.,22,соответствует,
"ИП Щербаков, магазин товаров для рыбалки",10.7.,22,соответствует,
"ИП Щербаков, магазин товаров для рыбалки",10.8.,22,соответствует,
"ИП Щербаков, магазин товаров для рыбалки",10.9.,22,соответствует,
"ООО ""Торговый Дом Хорошего К""",1.1.,1,соответствует,
"ООО ""Торговый Дом Хорошего К""",2.1.,1,соответствует,
"ООО ""Торговый Дом Хорошего К""",2.2.,43,соответствует,
"ООО ""Торговый Дом Хорошего К""",2.3.,43,соответствует,
"ООО ""Торговый Дом Хорошего К""",3.1.,34,соответствует,
"ООО ""Торговый Дом Хорошего К""",3.2.,34,соответствует,
"ООО ""Торговый Дом Хорошего К""",4.1.,35,соответствует,
"ООО ""Торговый Дом Хорошего К""",4.2.,35,соответствует,
"ООО ""Торговый Дом Хорошего К""",4.3.,35,соответствует,
"ООО ""Торговый Дом Хорошего К""",5.1.,41,соответствует,
"ООО ""Торговый Дом Хорошего К""",5.2.,41,соответствует,
"ООО ""Торговый Дом Хорошего К""",5.3.,41,соответствует,
"ООО ""Торговый Дом Хорошего К""",5.4.,41,соответствует,
"ООО ""Торговый Дом Хорошего К""",6.1.,24,соответствует,
"ООО ""Торговый Дом Хорошего К""",6.2.,24,соответствует,
"ООО ""Торговый Дом Хорошего К""",6.3.,6,соответствует,
"ООО ""Торговый Дом Хорошего К""",7.1.,33,соответствует,
"ООО ""Торговый Дом Хорошего К""",7.2.,11,не соответствует,
"ООО ""Торговый Дом Хорошего К""",8.1.1.,32,соответствует,
"ООО ""Торговый Дом Хорошего К""",8.1.2.,3,соответствует,
"ООО ""Торговый Дом Хорошего К""",8.1.3.,30,соответствует,
"ООО ""Торговый Дом Хорошего К""",8.2.1.,3,соответствует,
"ООО ""Торговый Дом Хорошего К""",8.2.2.,32,соответствует,
"ООО ""Торговый Дом Хорошего К""",8.2.3.,26,соответствует,
"ООО ""Торговый Дом Хорошего К""",9.1.,45,соответствует,
"ООО ""Торговый Дом Хорошего К""",9.2.,32,соответствует,
"ООО ""Торговый Дом Хорошего К""",9.3.,45,соответствует,
"ООО ""Торговый Дом Хорошего К""",9.4.,45,соответствует,
"ООО ""Торговый Дом Хорошего К""",9.5.,32,соответствует,
"ООО ""Торговый Дом Хорошего К""",9.6.,46,не соответствует,
"ООО ""Торговый Дом Хорошего К""",10.1.,6,соответствует,
"ООО ""Торговый Дом Хорошего К""",10.2.,6,не соответствует,
"ООО ""Торговый Дом Хорошего К""",10.3.,6,соответствует,
"ООО ""Торговый Дом Хорошего К""",11.1.,45,соответствует,
"ООО ""Торговый Дом Хорошего К""",12.1.,20,соответствует,
"ООО ""Эстетическая Косметология""",1.1.,3,соответствует,
"ООО ""Эстетическая Косметология""",1.2.,2,соответствует,
"ООО ""Эстетическая Косметология""",1.3.,1,соответствует,
"ООО ""Эстетическая Косметология""",1.4.,39,соответствует,
"ООО ""Эстетическая Косметология""",1.5.,1,соответствует,
"ООО ""Эстетическая Косметология""",1.6.,43,соответствует,
"ООО ""Эстетическая Косметология""",1.7.,43,соответствует,
"ООО ""Эстетическая Косметология""",1.8.,33,не соответствует,
"ООО ""Эстетическая Косметология""",1.9.,22,соответствует,
"ООО ""Эстетическая Косметология""",1.10.,22,соответствует,
"ООО ""Эстетическая Косметология""",2.1.,1,соответствует,
"ООО ""Эстетическая Косметология""",2.2.,1,соответствует,
"ООО ""Эстетическая Косметология""",2.3.,43,соответствует,
"ООО ""Эстетическая Косметология""",2.4.,20,соответствует,
"ООО ""Эстетическая Косметология""",3.1.,1,соответствует,
"ООО ""Эстетическая Косметология""",3.2.,24,соответствует,
"ООО ""Эстетическая Косметология""",3.3.,31,соответствует,
"ООО ""Эстетическая Косметология""",4.1.,43,соответствует,
"ООО ""Эстетическая Косметология""",4.2.,32,соответствует,
"ООО ""Эстетическая Косметология""",4.3.,43,соответствует,
"ООО ""Эстетическая Косметология""",4.4.,38,соответствует,
"ООО ""Эстетическая Косметология""",5.1.,22,соответствует,
"ООО ""Эстетическая Косметология""",5.2.,38,соответствует,
"ООО ""Эстетическая Косметология""",5.3.,43,соответствует,
"ООО ""Эстетическая Косметология""",5.4.,3,соответствует,
"ООО ""Эстетическая Косметология""",5.5.,14,не соответствует,
"ООО ""Эстетическая Косметология""",6.1.,35,соответствует,
"ООО ""Эстетическая Косметология""",6.2.,35,соответствует,
"ООО ""Эстетическая Косметология""",6.3.,37,соответствует,
"ООО ""Эстетическая Косметология""",6.4.,35,соответствует,
"ООО ""Эстетическая Косметология""",7.1.,36,соответствует,
"ООО ""Эстетическая Косметология""",7.2.,43,соответствует,
"ООО ""Эстетическая Косметология""",7.3.,35,соответствует,
"ООО ""Эстетическая Косметология""",7.4.,36,соответствует,
"ООО ""Эстетическая Косметология""",7.5.,36,соответствует,
"ООО ""Эстетическая Косметология""",7.6.,24,соответствует,
"ООО ""Эстетическая Косметология""",7.7.,37,соответствует,
"ООО ""Эстетическая Косметология""",7.8.,37,соответствует,
"ООО ""Эстетическая Косметология""",7.9.,41,соответствует,
"ООО ""Эстетическая Косметология""",7.10.,41,соответствует,
"ООО ""Эстетическая Косметология""",7.11.,41,соответствует,
"ООО ""Эстетическая Косметология""",8.1.,24,соответствует,
"ООО ""Эстетическая Косметология""",8.2.,24,соответствует,
"ООО ""Эстетическая Косметология""",8.3.,24,соответствует,
"ООО ""Эстетическая Косметология""",8.4.,25,соответствует,
"ООО ""Эстетическая Косметология""",8.5.,25,соответствует,
"ООО ""Эстетическая Косметология""",8.6.,45,соответствует,
"ООО ""Эстетическая Косметология""",8.7.,45,соответствует,
"ООО ""Эстетическая Косметология""",8.8.,24,соответствует,
"ООО ""Эстетическая Косметология""",8.9.,26,не соответствует,
"ООО ""Эстетическая Косметология""",8.10.,26,соответствует,
"ООО ""Эстетическая Косметология""",8.11.,4,не соответствует,
"ООО ""Эстетическая Косметология""",9.1.,6,не соответствует,
"ООО ""Эстетическая Косметология""",9.2.,6,соответствует,
"ООО ""Эстетическая Косметология""",9.3.,6,соответствует,
"ООО ""Эстетическая Косметология""",9.4.,4,соответствует,
"ООО ""Эстетическая Косметология""",9.5.,6,соответствует,
"ООО ""Эстетическая Косметология""",9.6.,15,соответствует,
"ООО ""Эстетическая Косметология""",9.7.,15,соответствует,
"ООО ""Эстетическая Косметология""",9.8.,37,соответствует,
"ООО ""Эстетическая Косметология""",10.1.,2,соответствует,
"ООО ""Кидс Рус""",1.1.,1,соответствует,
"ООО ""Кидс Рус""",1.2.,43,соответствует,
"ООО ""Кидс Рус""",1.3.,43,соответствует,
"ООО ""Кидс Рус""",1.4.,1,соответствует,
"ООО ""Кидс Рус""",1.5.,43,не соответствует,
"ООО ""Кидс Рус""",1.6.,43,соответствует,
"ООО ""Кидс Рус""",1.7.,43,соответствует,
"ООО ""Кидс Рус""",1.8.,43,соответствует,
"ООО ""Кидс Рус""",2.1.,38,соответствует,
"ООО ""Кидс Рус""",2.2.,38,соответствует,
"ООО ""Кидс Рус""",2.3.,22,соответствует,
"ООО ""Кидс Рус""",3.1.,32,соответствует,
"ООО ""Кидс Рус""",3.2.,22,соответствует,
"ООО ""Кидс Рус""",3.3.,1,соответствует,
"ООО ""Кидс Рус""",4.1.,36,соответствует,
"ООО ""Кидс Рус""",4.2.,39,соответствует,
"ООО ""Кидс Рус""",4.3.,31,соответствует,
"ООО ""Кидс Рус""",5.1.,43,соответствует,
"ООО ""Кидс Рус""",5.2.,32,соответствует,
"ООО ""Кидс Рус""",5.3.,43,соответствует,
"ООО ""Кидс Рус""",6.1.,22,соответствует,
"ООО ""Кидс Рус""",6.2.,34,соответствует,
"ООО ""Кидс Рус""",6.3.,3,соответствует,
"ООО ""Кидс Рус""",6.4.,14,соответствует,
"ООО ""Кидс Рус""",7.1.,38,соответствует,
"ООО ""Кидс Рус""",7.2.,38,соответствует,
"ООО ""Кидс Рус""",7.3.,43,соответствует,
"ООО ""Кидс Рус""",8.1.,35,не соответствует,
"ООО ""Кидс Рус""",8.2.,35,соответствует,
"ООО ""Кидс Рус""",8.3.,35,соответствует,
"ООО ""Кидс Рус""",8.4.,37,соответствует,
"ООО ""Кидс Рус""",8.5.,37,соответствует,
"ООО ""Кидс Рус""",9.1.,41,соответствует,
"ООО ""Кидс Рус""",9.2.,41,соответствует,
"ООО ""Кидс Рус""",9.3.,41,соответствует,
"ООО ""Кидс Рус""",9.4.,41,соответствует,
"ООО ""Кидс Рус""",10.1.,24,соответствует,
"ООО ""Кидс Рус""",10.2.,20,соответствует,
"ООО ""Кидс Рус""",10.3.,24,соответствует,
"ООО ""Кидс Рус""",10.4.,24,соответствует,
"ООО ""Кидс Рус""",10.5.,39,не соответствует,
"ООО ""Кидс Рус""",10.6.,6,соответствует,
"ООО ""Кидс Рус""",11.1.,6,соответствует,
"ООО ""Кидс Рус""",11.2.,6,соответствует,
"ООО ""Кидс Рус""",11.3.,15,соответствует,
"ООО ""Кидс Рус""",11.4.,6,не соответствует,
"ООО ""Кидс Рус""",13.1.,31,соответствует,
"ООО ""Кидс Рус""",13.2.,45,соответствует,
"ООО ""Кидс Рус""",13.3.,45,не соответствует,
"ООО ""Кидс Рус""",13.4.,6,соответствует,
"ООО ""Кидс Рус""",14.1.,31,соответствует,
"ООО ""Кидс Рус""",14.2.,4,соответствует,
"ООО ""Кидс Рус""",14.3.,20,соответствует,
"ООО ""Кидс Рус""",14.4.,46,соответствует,
"ООО ""Кидс Рус""",14.5.,36,соответствует,
"ООО ""Остин""",1.,1,соответствует ,
"ООО ""Остин""",1.2.,2,соответствует ,
"ООО ""Остин""",1.3.,2,соответствует ,
"ООО ""Остин""",1.4.,5,соответствует ,
"ООО ""Остин""",1.5.,38,соответствует ,
"ООО ""Остин""",1.6.,38,соответствует ,
"ООО ""Остин""",1.7.,38,соответствует ,
"ООО ""Остин""",1.8.,19,соответствует ,
"ООО ""Остин""",1.9.,19,соответствует,
"ООО ""Остин""",2.1.,31,соответствует,
"ООО ""Остин""",2.2.,30,соответствует,
"ООО ""Остин""",2.3.,1,соответствует,
"ООО ""Остин""",2.4.,22,соответствует,
"ООО ""Остин""",3.1.,1,не соответствует,
"ООО ""Остин""",3.2.,43,соответствует,
"ООО ""Остин""",3.3.,43,соответствует,
"ООО ""Остин""",3.4.,38,соответствует,
"ООО ""Остин""",3.5.,38,соответствует,
"ООО ""Остин""",3.6.,24,соответствует,
"ООО ""Остин""",3.7.,38,соответствует,
"ООО ""Остин""",3.8.,33,соответствует,
"ООО ""Остин""",3.9.,32,соответствует,
"ООО ""Остин""",3.10.,34,соответствует,
"ООО ""Остин""",3.11.,38,соответствует,
"ООО ""Остин""",3.12.,35,соответствует,
"ООО ""Остин""",3.13.,37,соответствует,
"ООО ""Остин""",3.14.,38,соответствует,
"ООО ""Остин""",3.15.,38,соответствует,
"ООО ""Остин""",3.16.,38,соответствует,
"ООО ""Остин""",3.17.,38,соответствует,
"ООО ""Остин""",3.18.,38,соответствует,
"ООО ""Остин""",3.19.,21,соответствует,
"ООО ""Остин""",3.20.,21,соответствует,
"ООО ""Остин""",3.21.,38,соответствует,
"ООО ""Остин""",4.1.,24,соответствует,
"ООО ""Остин""",4.2.,24,соответствует,
"ООО ""Остин""",4.3.,24,соответствует,
"ООО ""Остин""",4.4.,39,не соответствует,
"ООО ""Остин""",4.5.,23,соответствует,
"ООО ""Остин""",4.6.,25,соответствует,
"ООО ""Остин""",4.7.,40,соответствует,
"ООО ""Остин""",4.8.,26,соответствует,
"ООО ""Остин""",4.9.,38,соответствует,
"ООО ""Остин""",4.10.,39,не соответсвует,
"ООО ""Остин""",5.1.,41,соответствует,
"ООО ""Остин""",5.2.,41,соответствует,
"ООО ""Остин""",5.3.,23,соответствует,
"ООО ""Остин""",5.4.,41,соответствует,
"ООО ""Остин""",6.1.,12,соответствует,
"ООО ""Остин""",6.2.,12,соответствует,
"ООО ""Остин""",6.3.,6,соответствует,
"ООО ""Остин""",6.4.,6,не соответствует,
"ООО ""Остин""",6.5.,12,соответствует,
"ООО ""Остин""",6.6.,38,соответствует,
"ООО ""Остин""",7.1.,27,соответствует,
"ООО ""Остин""",7.2.,38,соответствует,
"ООО ""Остин""",7.3.,31,соответствует,
"ООО ""Остин""",7.4.,46,соответствует,
"ООО ""Остин""",7.5.,48,соответствует,
"ООО ""Остин""",7.6.,49,соответствует,